Timestamp,r/s,rMB/s,r_await,rareq-sz,w/s,wMB/s,w_await,wareq-sz
2024-11-04 16:12:15.380 , 130.86 , 4.93 , 0.76 , 38.57 , 14.38 , 0.17 , 1.01 , 11.99
2024-11-04 16:12:15.380 , 65.00 , 5.75 , 0.95 , 90.58 , 38.00 , 0.57 , 0.50 , 15.47
2024-11-04 16:12:15.380 , 5.00 , 0.24 , 2.80 , 49.10 , 260.00 , 62.93 , 2.06 , 247.85
2024-11-04 16:12:15.380 , 2.00 , 0.06 , 3.50 , 28.75 , 290.00 , 63.17 , 2.00 , 223.05
2024-11-04 16:12:15.380 , 2.00 , 0.06 , 1.50 , 28.75 , 260.00 , 62.93 , 2.18 , 247.86
2024-11-04 16:12:15.380 , 39.00 , 8.08 , 2.15 , 212.24 , 260.00 , 62.95 , 2.15 , 247.91
2024-11-04 16:12:15.380 , 905.00 , 198.52 , 0.84 , 224.62 , 1087.00 , 218.19 , 1.92 , 205.54
2024-11-04 16:12:15.380 , 212.00 , 45.14 , 0.97 , 218.02 , 453.00 , 96.41 , 2.94 , 217.93
2024-11-04 16:12:15.380 , 2.00 , 0.06 , 2.00 , 28.75 , 285.00 , 63.15 , 2.02 , 226.89
2024-11-04 16:12:15.380 , 2.00 , 0.06 , 4.00 , 28.75 , 260.00 , 62.95 , 2.15 , 247.92
2024-11-04 16:12:15.380 , 361.00 , 81.52 , 0.98 , 231.25 , 572.00 , 140.09 , 2.27 , 250.80
2024-11-04 16:12:15.380 , 930.00 , 209.63 , 0.83 , 230.82 , 1104.00 , 270.38 , 3.00 , 250.79
2024-11-04 16:12:15.380 , 933.00 , 210.20 , 0.93 , 230.70 , 1049.00 , 259.16 , 2.67 , 252.98
2024-11-04 16:12:15.380 , 18.00 , 2.02 , 1.22 , 114.92 , 164.00 , 36.45 , 2.63 , 227.59
2024-11-04 16:12:15.380 , 2.00 , 0.06 , 0.50 , 28.75 , 257.00 , 49.35 , 1.94 , 196.62
2024-11-04 16:12:15.380 , 654.00 , 145.03 , 1.03 , 227.09 , 893.00 , 203.92 , 2.22 , 233.83
2024-11-04 16:12:15.380 , 494.00 , 106.68 , 0.98 , 221.13 , 718.00 , 173.64 , 3.19 , 247.64
2024-11-04 16:12:15.380 , 2.00 , 0.06 , 2.50 , 28.75 , 261.00 , 63.09 , 2.18 , 247.54
2024-11-04 16:12:15.380 , 2.00 , 0.06 , 2.00 , 28.50 , 260.00 , 62.95 , 2.10 , 247.91
2024-11-04 16:12:15.380 , 7.00 , 1.31 , 2.14 , 191.07 , 266.00 , 63.02 , 2.09 , 242.59
2024-11-04 16:12:15.380 , 877.00 , 200.68 , 0.87 , 234.32 , 1089.00 , 209.66 , 2.00 , 197.15
2024-11-04 16:12:15.380 , 965.00 , 220.33 , 0.86 , 233.80 , 1100.00 , 270.01 , 2.86 , 251.35
2024-11-04 16:12:15.380 , 863.00 , 190.28 , 0.98 , 225.77 , 1196.00 , 256.64 , 2.64 , 219.73
2024-11-04 16:12:15.380 , 895.00 , 193.46 , 0.88 , 221.34 , 1179.00 , 257.67 , 2.58 , 223.79
2024-11-04 16:12:15.380 , 923.00 , 200.51 , 0.83 , 222.45 , 1163.00 , 261.47 , 2.63 , 230.22
2024-11-04 16:12:15.380 , 879.00 , 201.21 , 0.78 , 234.40 , 1309.00 , 261.32 , 2.25 , 204.42
2024-11-04 16:12:15.380 , 966.00 , 218.74 , 0.80 , 231.87 , 1179.00 , 269.13 , 2.18 , 233.75
2024-11-04 16:12:15.380 , 984.00 , 215.54 , 0.81 , 224.30 , 1127.00 , 237.68 , 1.98 , 215.96
2024-11-04 16:12:15.380 , 982.00 , 213.91 , 0.72 , 223.06 , 1345.00 , 272.48 , 2.10 , 207.45
2024-11-04 16:12:15.380 , 1024.00 , 224.34 , 0.77 , 224.34 , 1339.00 , 288.04 , 2.40 , 220.28
2024-11-04 16:12:15.380 , 966.00 , 220.17 , 0.81 , 233.39 , 1258.00 , 279.77 , 2.59 , 227.73
2024-11-04 16:12:15.380 , 999.00 , 222.92 , 0.79 , 228.50 , 1141.00 , 281.16 , 2.86 , 252.33
2024-11-04 16:12:15.380 , 978.00 , 196.68 , 0.82 , 205.93 , 1109.00 , 256.04 , 2.80 , 236.41
2024-11-04 16:12:15.380 , 2344.00 , 237.56 , 0.61 , 103.78 , 1128.00 , 256.97 , 2.40 , 233.28
2024-11-04 16:12:15.380 , 1684.00 , 245.51 , 0.72 , 149.29 , 1056.00 , 249.49 , 2.55 , 241.93
2024-11-04 16:12:15.380 , 958.00 , 221.43 , 0.79 , 236.68 , 1242.00 , 277.55 , 2.46 , 228.83
2024-11-04 16:12:15.380 , 910.00 , 199.89 , 0.82 , 224.93 , 1236.00 , 266.41 , 2.63 , 220.72
2024-11-04 16:12:15.380 , 932.00 , 202.99 , 0.80 , 223.02 , 1165.00 , 267.46 , 2.65 , 235.09
2024-11-04 16:12:15.380 , 972.00 , 212.38 , 0.75 , 223.75 , 1234.00 , 273.67 , 2.57 , 227.10
2024-11-04 16:12:15.380 , 817.00 , 182.13 , 0.81 , 228.28 , 1209.00 , 248.05 , 2.25 , 210.09
2024-11-04 16:12:15.380 , 1006.00 , 239.03 , 0.78 , 243.31 , 1326.00 , 277.40 , 2.02 , 214.22
2024-11-04 16:12:15.380 , 1074.00 , 257.26 , 0.73 , 245.28 , 1469.00 , 282.80 , 1.86 , 197.13
2024-11-04 16:12:15.380 , 905.00 , 201.83 , 0.73 , 228.37 , 1255.00 , 263.57 , 2.40 , 215.05
2024-11-04 16:12:15.380 , 956.00 , 207.39 , 0.75 , 222.14 , 1211.00 , 270.33 , 2.58 , 228.58
2024-11-04 16:12:15.380 , 921.00 , 200.42 , 0.74 , 222.83 , 1224.00 , 263.59 , 2.45 , 220.52
2024-11-04 16:12:15.380 , 952.00 , 208.25 , 0.72 , 224.00 , 1264.00 , 270.82 , 2.25 , 219.40
2024-11-04 16:12:15.380 , 1017.00 , 227.86 , 0.76 , 229.43 , 1223.00 , 283.47 , 2.72 , 237.34
2024-11-04 16:12:15.380 , 1025.00 , 241.34 , 0.79 , 241.10 , 1177.00 , 283.60 , 2.36 , 246.73
2024-11-04 16:12:15.380 , 961.00 , 215.37 , 0.74 , 229.48 , 1159.00 , 247.54 , 2.24 , 218.71
2024-11-04 16:12:15.380 , 986.00 , 215.01 , 0.76 , 223.30 , 1194.00 , 274.70 , 2.68 , 235.59
2024-11-04 16:12:15.380 , 971.00 , 210.53 , 0.79 , 222.02 , 1210.00 , 275.27 , 2.39 , 232.96
2024-11-04 16:12:15.380 , 975.00 , 213.89 , 0.71 , 224.64 , 1286.00 , 270.83 , 2.51 , 215.65
2024-11-04 16:12:15.380 , 863.00 , 201.08 , 0.76 , 238.59 , 1244.00 , 263.01 , 2.25 , 216.50
2024-11-04 16:12:15.380 , 991.00 , 225.06 , 0.78 , 232.56 , 1174.00 , 287.61 , 2.69 , 250.86
2024-11-04 16:12:15.380 , 1038.00 , 231.23 , 0.79 , 228.11 , 1167.00 , 274.12 , 2.22 , 240.53
2024-11-04 16:12:15.380 , 939.00 , 203.91 , 0.75 , 222.36 , 1159.00 , 231.02 , 2.08 , 204.11
2024-11-04 16:12:15.380 , 916.00 , 199.16 , 0.75 , 222.64 , 1340.00 , 262.75 , 2.14 , 200.79
2024-11-04 16:12:15.380 , 930.00 , 204.62 , 0.71 , 225.31 , 1283.00 , 263.35 , 2.25 , 210.18
2024-11-04 16:12:15.380 , 864.00 , 193.81 , 0.84 , 229.70 , 1163.00 , 255.63 , 2.61 , 225.08
2024-11-04 16:12:15.380 , 881.00 , 197.67 , 0.77 , 229.76 , 1212.00 , 262.17 , 2.38 , 221.50
2024-11-04 16:12:15.380 , 887.00 , 198.03 , 0.77 , 228.62 , 1177.00 , 251.80 , 2.44 , 219.07
2024-11-04 16:12:15.380 , 958.00 , 206.47 , 0.85 , 220.69 , 1185.00 , 252.71 , 2.22 , 218.38
2024-11-04 16:12:15.380 , 945.00 , 206.96 , 0.87 , 224.26 , 1142.00 , 238.59 , 2.42 , 213.93
2024-11-04 16:12:15.380 , 963.00 , 209.24 , 0.76 , 222.49 , 1234.00 , 265.92 , 2.26 , 220.67
2024-11-04 16:12:15.380 , 897.00 , 197.29 , 0.76 , 225.22 , 1238.00 , 263.50 , 2.23 , 217.95
2024-11-04 16:12:15.380 , 892.00 , 197.93 , 0.73 , 227.22 , 1259.00 , 259.62 , 2.26 , 211.16
2024-11-04 16:12:15.380 , 896.00 , 198.78 , 0.73 , 227.18 , 1254.00 , 258.70 , 2.23 , 211.25
2024-11-04 16:12:15.380 , 869.00 , 191.73 , 0.81 , 225.93 , 1300.00 , 257.92 , 2.12 , 203.16
2024-11-04 16:12:15.380 , 988.00 , 212.63 , 0.82 , 220.38 , 1204.00 , 246.30 , 1.81 , 209.48
2024-11-04 16:12:15.380 , 907.00 , 197.75 , 0.88 , 223.26 , 1131.00 , 242.37 , 2.45 , 219.44
2024-11-04 16:12:15.380 , 936.00 , 207.58 , 0.85 , 227.09 , 1192.00 , 267.25 , 2.35 , 229.58
2024-11-04 16:12:15.380 , 943.00 , 216.45 , 0.80 , 235.04 , 1141.00 , 278.20 , 2.79 , 249.67
2024-11-04 16:12:15.380 , 867.00 , 190.13 , 0.89 , 224.56 , 1230.00 , 256.31 , 2.45 , 213.39
2024-11-04 16:12:15.380 , 989.00 , 215.24 , 0.93 , 222.86 , 1141.00 , 278.48 , 2.68 , 249.92
2024-11-04 16:12:15.380 , 877.00 , 191.65 , 0.90 , 223.77 , 1209.00 , 253.74 , 2.19 , 214.91
2024-11-04 16:12:15.380 , 988.00 , 215.48 , 0.91 , 223.33 , 1251.00 , 250.33 , 1.85 , 204.91
2024-11-04 16:12:15.380 , 951.00 , 213.81 , 0.78 , 230.22 , 1195.00 , 239.96 , 2.10 , 205.62
2024-11-04 16:12:15.380 , 931.00 , 206.39 , 0.75 , 227.01 , 1255.00 , 269.21 , 2.25 , 219.66
2024-11-04 16:12:15.380 , 939.00 , 207.88 , 0.72 , 226.70 , 1276.00 , 273.00 , 2.17 , 219.09
2024-11-04 16:12:15.380 , 916.00 , 199.70 , 0.78 , 223.24 , 1217.00 , 265.70 , 2.31 , 223.56
2024-11-04 16:12:15.380 , 899.00 , 195.51 , 0.95 , 222.69 , 1232.00 , 259.06 , 2.26 , 215.32
2024-11-04 16:12:15.380 , 879.00 , 192.50 , 1.02 , 224.26 , 1225.00 , 254.69 , 2.25 , 212.90
2024-11-04 16:12:15.380 , 1058.00 , 246.71 , 0.76 , 238.78 , 1163.00 , 271.90 , 2.09 , 239.40
2024-11-04 16:12:15.380 , 963.00 , 216.42 , 0.75 , 230.13 , 1104.00 , 250.93 , 2.73 , 232.75
2024-11-04 16:12:15.380 , 989.00 , 221.67 , 0.76 , 229.52 , 1180.00 , 282.73 , 2.71 , 245.35
2024-11-04 16:12:15.380 , 915.00 , 197.41 , 0.75 , 220.92 , 1189.00 , 267.71 , 2.47 , 230.56
2024-11-04 16:12:15.380 , 983.00 , 214.04 , 0.71 , 222.96 , 1348.00 , 276.07 , 2.26 , 209.71
2024-11-04 16:12:15.380 , 1028.00 , 223.63 , 0.77 , 222.76 , 1484.00 , 287.07 , 2.07 , 198.08
2024-11-04 16:12:15.380 , 1053.00 , 232.32 , 0.81 , 225.92 , 1155.00 , 279.10 , 2.55 , 247.44
2024-11-04 16:12:15.380 , 1146.00 , 254.45 , 0.75 , 227.36 , 1154.00 , 283.31 , 2.46 , 251.39
2024-11-04 16:12:15.380 , 1029.00 , 230.34 , 0.76 , 229.23 , 1136.00 , 279.72 , 2.81 , 252.14
2024-11-04 16:12:15.380 , 916.00 , 201.61 , 0.75 , 225.38 , 1110.00 , 268.56 , 3.09 , 247.75
2024-11-04 16:12:15.380 , 927.00 , 200.03 , 0.94 , 220.96 , 1146.00 , 260.16 , 2.46 , 232.46
2024-11-04 16:12:15.380 , 906.00 , 196.56 , 0.96 , 222.16 , 1246.00 , 262.00 , 2.32 , 215.32
2024-11-04 16:12:15.380 , 952.00 , 215.30 , 0.80 , 231.58 , 1185.00 , 275.04 , 2.73 , 237.67
2024-11-04 16:12:15.380 , 1042.00 , 231.29 , 0.72 , 227.30 , 1125.00 , 279.25 , 2.68 , 254.18
2024-11-04 16:12:15.380 , 1073.00 , 239.17 , 0.73 , 228.25 , 1133.00 , 278.14 , 2.43 , 251.38
2024-11-04 16:12:15.380 , 917.00 , 200.19 , 0.84 , 223.55 , 1037.00 , 242.11 , 2.74 , 239.07
2024-11-04 16:12:15.380 , 916.00 , 199.67 , 0.83 , 223.21 , 1337.00 , 263.48 , 2.03 , 201.80
2024-11-04 16:12:15.380 , 918.00 , 204.27 , 0.88 , 227.85 , 1229.00 , 260.68 , 2.23 , 217.20
2024-11-04 16:12:15.380 , 894.00 , 196.50 , 0.75 , 225.08 , 1208.00 , 259.65 , 2.40 , 220.10
2024-11-04 16:12:15.380 , 926.00 , 204.85 , 0.73 , 226.52 , 1203.00 , 269.07 , 2.72 , 229.04
2024-11-04 16:12:15.380 , 905.00 , 201.25 , 0.72 , 227.71 , 1213.00 , 261.20 , 2.39 , 220.51
2024-11-04 16:12:15.380 , 982.00 , 216.04 , 0.70 , 225.28 , 1268.00 , 246.76 , 1.93 , 199.28
2024-11-04 16:12:15.380 , 968.32 , 208.23 , 0.80 , 220.21 , 1095.05 , 246.82 , 2.53 , 230.80
2024-11-04 16:12:15.380 , 935.00 , 202.51 , 0.81 , 221.78 , 1275.00 , 266.87 , 2.12 , 214.33
2024-11-04 16:12:15.380 , 966.00 , 208.75 , 0.89 , 221.29 , 1225.00 , 266.10 , 2.16 , 222.44
2024-11-04 16:12:15.380 , 975.00 , 219.76 , 0.74 , 230.80 , 1234.00 , 278.75 , 2.59 , 231.31
2024-11-04 16:12:15.380 , 936.00 , 212.63 , 0.70 , 232.62 , 1428.00 , 282.39 , 2.41 , 202.50
2024-11-04 16:12:15.380 , 985.00 , 227.90 , 0.72 , 236.93 , 1351.00 , 278.29 , 2.09 , 210.93
2024-11-04 16:12:15.380 , 1057.00 , 241.96 , 0.74 , 234.40 , 1250.00 , 278.49 , 2.03 , 228.14
2024-11-04 16:12:15.380 , 885.00 , 201.86 , 0.86 , 233.57 , 1111.00 , 244.66 , 2.53 , 225.50
2024-11-04 16:12:15.380 , 965.00 , 209.59 , 0.92 , 222.40 , 1147.00 , 271.37 , 2.64 , 242.27
2024-11-04 16:12:15.380 , 890.00 , 196.51 , 0.91 , 226.09 , 1287.00 , 257.28 , 2.17 , 204.70
2024-11-04 16:12:15.380 , 898.00 , 213.71 , 0.77 , 243.70 , 1275.00 , 274.87 , 2.15 , 220.76
2024-11-04 16:12:15.380 , 840.00 , 198.10 , 0.76 , 241.50 , 1277.00 , 263.90 , 2.11 , 211.62
2024-11-04 16:12:15.380 , 901.00 , 214.66 , 0.75 , 243.96 , 1293.00 , 267.07 , 2.01 , 211.51
2024-11-04 16:12:15.380 , 974.00 , 231.88 , 0.73 , 243.78 , 1312.00 , 263.89 , 1.70 , 205.96
2024-11-04 16:12:15.380 , 824.00 , 197.50 , 0.74 , 245.44 , 1255.00 , 245.91 , 2.02 , 200.65
2024-11-04 16:12:15.380 , 949.00 , 203.45 , 0.83 , 219.52 , 1283.00 , 263.73 , 2.22 , 210.49
2024-11-04 16:12:15.380 , 910.00 , 197.95 , 0.93 , 222.75 , 1264.00 , 260.45 , 2.26 , 211.00
2024-11-04 16:12:15.380 , 918.00 , 200.29 , 0.94 , 223.42 , 1282.00 , 264.13 , 2.34 , 210.98
2024-11-04 16:12:15.380 , 925.00 , 213.02 , 0.80 , 235.82 , 1206.00 , 266.32 , 2.46 , 226.13
2024-11-04 16:12:15.380 , 827.00 , 197.86 , 0.80 , 244.99 , 1238.00 , 255.37 , 2.14 , 211.23
2024-11-04 16:12:15.380 , 972.00 , 231.07 , 0.74 , 243.43 , 1371.00 , 262.18 , 1.81 , 195.82
2024-11-04 16:12:15.380 , 878.00 , 204.71 , 0.77 , 238.75 , 1197.00 , 244.34 , 2.25 , 209.03
2024-11-04 16:12:15.380 , 856.00 , 204.13 , 0.74 , 244.19 , 1295.00 , 268.06 , 2.23 , 211.96
2024-11-04 16:12:15.380 , 833.00 , 198.48 , 0.73 , 244.00 , 1281.00 , 264.54 , 2.23 , 211.46
2024-11-04 16:12:15.380 , 862.00 , 188.81 , 0.90 , 224.30 , 1197.00 , 252.30 , 2.39 , 215.84
2024-11-04 16:12:15.380 , 810.00 , 198.26 , 1.03 , 250.64 , 1247.00 , 263.78 , 2.26 , 216.61
2024-11-04 16:12:15.380 , 1008.00 , 236.16 , 0.82 , 239.91 , 1140.00 , 278.25 , 2.50 , 249.94
2024-11-04 16:12:15.380 , 1036.00 , 232.61 , 0.86 , 229.91 , 1098.00 , 267.96 , 2.41 , 249.91
2024-11-04 16:12:15.380 , 962.00 , 216.82 , 0.87 , 230.80 , 1051.00 , 257.38 , 2.86 , 250.77
2024-11-04 16:12:15.380 , 954.00 , 215.67 , 0.81 , 231.49 , 1129.00 , 276.96 , 2.87 , 251.20
2024-11-04 16:12:15.380 , 955.00 , 216.81 , 0.81 , 232.48 , 1193.00 , 284.95 , 2.76 , 244.58
2024-11-04 16:12:15.380 , 985.00 , 221.08 , 0.78 , 229.83 , 1153.00 , 282.62 , 2.82 , 251.00
2024-11-04 16:12:15.380 , 875.00 , 201.61 , 0.87 , 235.94 , 1126.00 , 268.49 , 2.73 , 244.17
2024-11-04 16:12:15.380 , 903.00 , 221.63 , 0.95 , 251.33 , 1117.00 , 267.10 , 2.53 , 244.86
2024-11-04 16:12:15.380 , 982.00 , 239.77 , 0.86 , 250.02 , 1121.00 , 272.57 , 2.36 , 248.98
2024-11-04 16:12:15.380 , 887.00 , 217.56 , 0.80 , 251.17 , 1060.00 , 259.79 , 2.87 , 250.97
2024-11-04 16:12:15.380 , 904.00 , 222.07 , 0.79 , 251.55 , 1209.00 , 284.29 , 3.03 , 240.78
2024-11-04 16:12:15.380 , 868.00 , 213.33 , 0.82 , 251.67 , 1152.00 , 281.71 , 2.79 , 250.41
2024-11-04 16:12:15.380 , 909.00 , 223.34 , 0.80 , 251.59 , 1154.00 , 283.02 , 2.75 , 251.14
2024-11-04 16:12:15.380 , 879.00 , 216.41 , 0.82 , 252.10 , 1136.00 , 279.48 , 2.85 , 251.93
2024-11-04 16:12:15.380 , 926.00 , 228.02 , 0.83 , 252.16 , 1114.00 , 275.57 , 2.51 , 253.31
2024-11-04 16:12:15.380 , 942.00 , 224.89 , 0.88 , 244.47 , 1125.00 , 267.31 , 2.32 , 243.31
2024-11-04 16:12:15.380 , 862.00 , 209.74 , 0.96 , 249.15 , 1047.00 , 251.98 , 2.83 , 246.44
2024-11-04 16:12:15.380 , 850.00 , 208.48 , 0.96 , 251.16 , 1099.00 , 267.21 , 2.66 , 248.98
2024-11-04 16:12:15.380 , 887.00 , 216.64 , 0.87 , 250.10 , 1114.00 , 273.04 , 2.78 , 250.98
2024-11-04 16:12:15.380 , 858.00 , 209.11 , 0.88 , 249.57 , 1115.00 , 273.90 , 2.84 , 251.54
2024-11-04 16:12:15.380 , 850.00 , 207.99 , 0.91 , 250.56 , 1171.00 , 273.05 , 2.91 , 238.77
2024-11-04 16:12:15.380 , 901.00 , 221.81 , 0.87 , 252.09 , 1082.00 , 267.22 , 2.57 , 252.90
2024-11-04 16:12:15.380 , 960.00 , 236.26 , 0.81 , 252.01 , 1100.00 , 269.52 , 2.50 , 250.89
2024-11-04 16:12:15.380 , 883.00 , 217.00 , 0.82 , 251.65 , 1086.00 , 265.88 , 2.84 , 250.70
2024-11-04 16:12:15.380 , 895.00 , 220.13 , 0.83 , 251.85 , 1147.00 , 282.92 , 2.83 , 252.58
2024-11-04 16:12:15.380 , 898.00 , 220.80 , 0.83 , 251.79 , 1141.00 , 278.36 , 2.77 , 249.82
2024-11-04 16:12:15.380 , 839.00 , 198.48 , 0.91 , 242.25 , 1157.00 , 273.62 , 2.78 , 242.16
2024-11-04 16:12:15.380 , 920.00 , 223.29 , 0.93 , 248.53 , 1178.00 , 284.47 , 2.63 , 247.28
2024-11-04 16:12:15.380 , 931.00 , 228.19 , 0.93 , 250.99 , 1080.00 , 265.42 , 2.49 , 251.66
2024-11-04 16:12:15.380 , 956.00 , 233.60 , 0.84 , 250.22 , 1063.00 , 262.68 , 2.54 , 253.05
2024-11-04 16:12:15.380 , 889.00 , 217.64 , 0.80 , 250.69 , 1088.00 , 267.05 , 2.85 , 251.34
2024-11-04 16:12:15.380 , 860.00 , 212.00 , 0.82 , 252.43 , 1193.00 , 278.98 , 2.97 , 239.46
2024-11-04 16:12:15.380 , 880.00 , 216.33 , 0.83 , 251.73 , 1153.00 , 282.63 , 2.79 , 251.01
2024-11-04 16:12:15.380 , 882.00 , 215.70 , 0.87 , 250.43 , 1124.00 , 274.12 , 2.85 , 249.74
2024-11-04 16:12:15.380 , 866.00 , 211.94 , 0.85 , 250.61 , 1135.00 , 277.44 , 2.80 , 250.30
2024-11-04 16:12:15.380 , 973.00 , 239.70 , 0.80 , 252.26 , 1125.00 , 278.95 , 2.47 , 253.91
2024-11-04 16:12:15.380 , 950.00 , 233.73 , 0.81 , 251.94 , 1090.00 , 264.21 , 2.50 , 248.21
2024-11-04 16:12:15.380 , 854.00 , 207.25 , 0.86 , 248.50 , 1146.00 , 266.13 , 2.72 , 237.80
2024-11-04 16:12:15.380 , 817.00 , 193.71 , 1.01 , 242.79 , 1088.00 , 260.93 , 2.81 , 245.58
2024-11-04 16:12:15.380 , 886.00 , 217.10 , 0.98 , 250.91 , 1144.00 , 280.29 , 2.76 , 250.89
2024-11-04 16:12:15.380 , 891.00 , 218.13 , 0.89 , 250.69 , 1123.00 , 273.58 , 2.86 , 249.46
2024-11-04 16:12:15.380 , 871.00 , 211.79 , 0.87 , 248.99 , 1165.00 , 270.45 , 2.92 , 237.72
2024-11-04 16:12:15.380 , 929.00 , 229.38 , 0.79 , 252.83 , 1099.00 , 271.91 , 2.39 , 253.35
2024-11-04 16:12:15.380 , 941.00 , 230.61 , 0.77 , 250.95 , 1106.00 , 271.17 , 2.46 , 251.06
2024-11-04 16:12:15.380 , 908.00 , 222.82 , 0.89 , 251.28 , 1091.00 , 266.39 , 2.83 , 250.03
2024-11-04 16:12:15.380 , 881.00 , 216.53 , 0.83 , 251.68 , 1151.00 , 282.07 , 2.76 , 250.95
2024-11-04 16:12:15.380 , 872.00 , 213.83 , 0.81 , 251.11 , 1136.00 , 279.12 , 2.89 , 251.60
2024-11-04 16:12:15.380 , 847.00 , 207.57 , 0.81 , 250.95 , 1153.00 , 275.77 , 2.73 , 244.92
2024-11-04 16:12:15.380 , 902.00 , 221.91 , 0.79 , 251.93 , 1139.00 , 280.14 , 2.83 , 251.85
2024-11-04 16:12:15.380 , 993.00 , 243.87 , 0.84 , 251.49 , 1124.00 , 275.94 , 2.39 , 251.39
2024-11-04 16:12:15.380 , 913.00 , 223.67 , 0.88 , 250.86 , 1041.00 , 252.91 , 2.64 , 248.78
2024-11-04 16:12:15.380 , 850.00 , 199.65 , 0.88 , 240.52 , 1180.00 , 272.72 , 2.55 , 236.67
2024-11-04 16:12:15.380 , 926.00 , 226.58 , 0.97 , 250.56 , 1169.00 , 274.41 , 2.73 , 240.37
2024-11-04 16:12:15.380 , 875.00 , 213.96 , 0.82 , 250.39 , 1147.00 , 281.96 , 2.84 , 251.72
2024-11-04 16:12:15.380 , 910.00 , 222.18 , 0.88 , 250.01 , 1141.00 , 280.10 , 2.76 , 251.38
2024-11-04 16:12:15.380 , 873.00 , 214.59 , 0.82 , 251.70 , 1133.00 , 280.89 , 2.82 , 253.87
2024-11-04 16:12:15.380 , 984.00 , 241.50 , 0.85 , 251.32 , 1128.00 , 277.98 , 2.40 , 252.35
2024-11-04 16:12:15.380 , 941.00 , 231.43 , 0.82 , 251.85 , 1101.00 , 260.14 , 2.58 , 241.94
2024-11-04 16:12:15.380 , 896.00 , 220.49 , 0.81 , 251.99 , 1159.00 , 284.71 , 2.81 , 251.55
2024-11-04 16:12:15.380 , 870.00 , 214.22 , 0.88 , 252.13 , 1132.00 , 277.59 , 2.89 , 251.11
2024-11-04 16:12:15.380 , 859.00 , 211.57 , 0.89 , 252.21 , 1120.00 , 274.72 , 2.88 , 251.18
2024-11-04 16:12:15.380 , 885.00 , 217.76 , 0.88 , 251.96 , 1128.00 , 276.29 , 2.84 , 250.82
2024-11-04 16:12:15.380 , 856.00 , 210.37 , 0.87 , 251.65 , 1147.00 , 274.79 , 2.71 , 245.32
2024-11-04 16:12:15.380 , 1040.00 , 255.80 , 0.82 , 251.86 , 1189.00 , 283.59 , 2.22 , 244.23
2024-11-04 16:12:15.380 , 901.00 , 221.44 , 0.85 , 251.67 , 1104.00 , 262.92 , 2.55 , 243.87
2024-11-04 16:12:15.380 , 910.00 , 222.35 , 0.89 , 250.20 , 1213.00 , 282.49 , 2.55 , 238.48
2024-11-04 16:12:15.380 , 904.00 , 212.34 , 0.91 , 240.53 , 1236.00 , 283.27 , 2.40 , 234.68
2024-11-04 16:12:15.380 , 940.00 , 230.51 , 0.84 , 251.10 , 1107.00 , 271.79 , 2.84 , 251.41
2024-11-04 16:12:15.380 , 854.00 , 207.73 , 0.84 , 249.08 , 1212.00 , 282.06 , 2.80 , 238.31
2024-11-04 16:12:15.380 , 937.00 , 231.37 , 0.82 , 252.85 , 1155.00 , 286.62 , 2.72 , 254.12
2024-11-04 16:12:15.380 , 976.00 , 239.55 , 0.85 , 251.33 , 1143.00 , 281.66 , 2.42 , 252.34
2024-11-04 16:12:15.380 , 932.00 , 229.88 , 0.87 , 252.58 , 1055.00 , 257.91 , 2.66 , 250.34
2024-11-04 16:12:15.380 , 887.00 , 216.23 , 0.85 , 249.63 , 1139.00 , 279.61 , 2.83 , 251.38
2024-11-04 16:12:15.380 , 874.00 , 214.85 , 0.86 , 251.72 , 1172.00 , 279.88 , 2.81 , 244.54
2024-11-04 16:12:15.380 , 913.00 , 224.84 , 0.85 , 252.18 , 1140.00 , 280.00 , 2.78 , 251.51
2024-11-04 16:12:15.380 , 869.00 , 213.97 , 0.93 , 252.13 , 1186.00 , 276.71 , 2.62 , 238.91
2024-11-04 16:12:15.380 , 913.00 , 225.29 , 0.89 , 252.68 , 1152.00 , 274.28 , 2.51 , 243.81
2024-11-04 16:12:15.380 , 934.00 , 229.49 , 0.85 , 251.61 , 1162.00 , 274.81 , 2.38 , 242.18
2024-11-04 16:12:15.380 , 891.00 , 218.42 , 0.97 , 251.02 , 1083.00 , 249.97 , 2.58 , 236.36
2024-11-04 16:12:15.380 , 869.00 , 212.62 , 0.91 , 250.55 , 1222.00 , 283.65 , 2.64 , 237.69
2024-11-04 16:12:15.380 , 899.00 , 221.03 , 0.91 , 251.76 , 1191.00 , 278.11 , 2.66 , 239.11
2024-11-04 16:12:15.380 , 872.00 , 214.81 , 0.93 , 252.25 , 1196.00 , 279.15 , 2.63 , 239.01
2024-11-04 16:12:15.380 , 835.00 , 205.88 , 1.00 , 252.47 , 1151.00 , 270.64 , 2.59 , 240.78
2024-11-04 16:12:15.380 , 963.00 , 225.56 , 0.90 , 239.85 , 1114.00 , 256.67 , 2.37 , 235.93
2024-11-04 16:12:15.380 , 963.37 , 234.24 , 0.83 , 248.99 , 1116.83 , 267.09 , 2.46 , 244.89
2024-11-04 16:12:15.380 , 903.00 , 220.78 , 0.85 , 250.36 , 1177.00 , 274.13 , 2.69 , 238.49
2024-11-04 16:12:15.380 , 887.00 , 217.17 , 0.93 , 250.71 , 1206.00 , 281.05 , 2.62 , 238.64
2024-11-04 16:12:15.380 , 876.00 , 215.32 , 0.94 , 251.70 , 1227.00 , 286.90 , 2.45 , 239.44
2024-11-04 16:12:15.380 , 935.00 , 229.44 , 0.93 , 251.28 , 1274.00 , 283.57 , 2.75 , 227.93
2024-11-04 16:12:15.380 , 866.00 , 213.21 , 0.98 , 252.11 , 1170.00 , 275.74 , 2.48 , 241.33
2024-11-04 16:12:15.380 , 944.00 , 231.61 , 1.01 , 251.24 , 1137.00 , 268.49 , 2.27 , 241.80
2024-11-04 16:12:15.380 , 878.00 , 214.59 , 1.01 , 250.27 , 1051.00 , 250.55 , 2.52 , 244.11
2024-11-04 16:12:15.380 , 867.00 , 213.31 , 1.03 , 251.93 , 1191.00 , 278.28 , 2.66 , 239.26
2024-11-04 16:12:15.380 , 894.00 , 218.85 , 1.00 , 250.67 , 1199.00 , 273.81 , 2.56 , 233.85
2024-11-04 16:12:15.380 , 881.00 , 215.62 , 1.03 , 250.62 , 1221.00 , 284.10 , 2.56 , 238.26
2024-11-04 16:12:15.380 , 902.00 , 221.23 , 1.09 , 251.15 , 1203.00 , 279.89 , 2.53 , 238.24
2024-11-04 16:12:15.380 , 830.00 , 203.68 , 1.18 , 251.29 , 1078.00 , 267.59 , 2.72 , 254.18
2024-11-04 16:12:15.380 , 911.00 , 222.77 , 1.13 , 250.41 , 1093.00 , 259.45 , 2.22 , 243.07
2024-11-04 16:12:15.380 , 896.00 , 219.20 , 1.14 , 250.51 , 1026.00 , 243.23 , 2.62 , 242.76
2024-11-04 16:12:15.380 , 836.00 , 205.08 , 1.12 , 251.20 , 1190.00 , 271.32 , 2.72 , 233.48
2024-11-04 16:12:15.380 , 845.00 , 207.28 , 1.14 , 251.19 , 1166.00 , 270.83 , 2.72 , 237.85
2024-11-04 16:12:15.380 , 842.00 , 204.85 , 1.17 , 249.13 , 1148.00 , 266.43 , 2.75 , 237.65
2024-11-04 16:12:15.380 , 815.00 , 199.64 , 1.16 , 250.84 , 1160.00 , 271.15 , 2.74 , 239.36
2024-11-04 16:12:15.380 , 875.00 , 213.01 , 1.20 , 249.28 , 1066.00 , 264.36 , 2.72 , 253.95
2024-11-04 16:12:15.380 , 831.00 , 190.88 , 1.26 , 235.22 , 1007.00 , 228.33 , 2.30 , 232.18
2024-11-04 16:12:15.380 , 948.00 , 218.23 , 1.14 , 235.72 , 1007.00 , 240.43 , 2.71 , 244.49
2024-11-04 16:12:15.380 , 935.00 , 205.45 , 1.14 , 225.00 , 1162.00 , 269.91 , 2.74 , 237.85
2024-11-04 16:12:15.380 , 967.00 , 211.07 , 1.09 , 223.51 , 1157.00 , 268.43 , 2.79 , 237.57
2024-11-04 16:12:15.380 , 961.00 , 211.57 , 1.16 , 225.44 , 1170.00 , 273.43 , 2.75 , 239.31
2024-11-04 16:12:15.380 , 930.00 , 204.92 , 1.15 , 225.63 , 1226.00 , 273.18 , 2.68 , 228.17
2024-11-04 16:12:15.380 , 951.00 , 211.39 , 1.15 , 227.62 , 1122.00 , 264.03 , 2.55 , 240.97
2024-11-04 16:12:15.380 , 944.00 , 207.11 , 1.20 , 224.67 , 1041.00 , 246.82 , 2.47 , 242.79
2024-11-04 16:12:15.380 , 918.00 , 202.67 , 1.18 , 226.08 , 1004.00 , 238.18 , 2.87 , 242.93
2024-11-04 16:12:15.380 , 952.00 , 209.96 , 1.17 , 225.84 , 1159.00 , 271.36 , 2.77 , 239.75
2024-11-04 16:12:15.380 , 923.00 , 203.20 , 1.21 , 225.43 , 1118.00 , 266.94 , 2.78 , 244.49
2024-11-04 16:12:15.380 , 889.00 , 196.08 , 1.26 , 225.86 , 1053.00 , 259.13 , 2.89 , 252.00
2024-11-04 16:12:15.380 , 902.00 , 198.58 , 1.23 , 225.44 , 1062.00 , 261.07 , 2.82 , 251.73
2024-11-04 16:12:15.380 , 916.00 , 202.75 , 1.22 , 226.66 , 1045.00 , 259.38 , 2.67 , 254.17
2024-11-04 16:12:15.380 , 991.00 , 218.49 , 1.23 , 225.77 , 1027.00 , 253.62 , 2.42 , 252.88
2024-11-04 16:12:15.380 , 925.00 , 203.63 , 1.20 , 225.42 , 978.00 , 239.89 , 2.88 , 251.17
2024-11-04 16:12:15.380 , 924.00 , 204.16 , 1.23 , 226.25 , 1091.00 , 263.11 , 2.83 , 246.96
2024-11-04 16:12:15.380 , 908.00 , 199.74 , 1.24 , 225.26 , 1070.00 , 264.32 , 2.84 , 252.96
2024-11-04 16:12:15.380 , 912.00 , 200.78 , 1.20 , 225.44 , 1147.00 , 267.05 , 2.61 , 238.41
2024-11-04 16:12:15.380 , 924.00 , 205.21 , 1.20 , 227.42 , 1078.00 , 264.04 , 2.82 , 250.82
2024-11-04 16:12:15.380 , 950.00 , 209.92 , 1.20 , 226.27 , 1086.00 , 257.70 , 2.43 , 242.99
2024-11-04 16:12:15.380 , 986.00 , 217.53 , 1.18 , 225.91 , 1102.00 , 259.49 , 2.42 , 241.13
2024-11-04 16:12:15.380 , 901.00 , 198.97 , 1.22 , 226.13 , 957.00 , 235.05 , 2.92 , 251.51
2024-11-04 16:12:15.380 , 935.00 , 206.29 , 1.22 , 225.93 , 1143.00 , 266.02 , 2.66 , 238.33
2024-11-04 16:12:15.380 , 912.00 , 200.24 , 1.22 , 224.83 , 1149.00 , 267.43 , 2.67 , 238.34
2024-11-04 16:12:15.380 , 930.00 , 205.60 , 1.18 , 226.38 , 1171.00 , 274.14 , 2.62 , 239.73
2024-11-04 16:12:15.380 , 908.00 , 200.24 , 1.19 , 225.82 , 1167.00 , 266.26 , 2.73 , 233.63
2024-11-04 16:12:15.380 , 1096.00 , 232.37 , 1.34 , 217.11 , 1135.00 , 260.75 , 1.98 , 235.24
2024-11-04 16:12:15.380 , 913.00 , 222.35 , 1.19 , 249.39 , 1023.00 , 254.66 , 2.15 , 254.91
2024-11-04 16:12:15.380 , 943.00 , 208.69 , 1.12 , 226.61 , 1004.00 , 245.77 , 2.81 , 250.66
2024-11-04 16:12:15.380 , 910.00 , 200.11 , 1.11 , 225.18 , 1110.00 , 272.62 , 2.77 , 251.50
2024-11-04 16:12:15.380 , 952.00 , 209.75 , 1.14 , 225.61 , 1112.00 , 271.78 , 2.82 , 250.27
2024-11-04 16:12:15.380 , 888.00 , 194.53 , 1.18 , 224.32 , 1166.00 , 274.63 , 2.76 , 241.19
2024-11-04 16:12:15.380 , 941.00 , 207.89 , 1.18 , 226.23 , 1070.00 , 264.15 , 2.91 , 252.80
2024-11-04 16:12:15.380 , 1020.00 , 225.51 , 1.17 , 226.40 , 1046.00 , 259.39 , 2.56 , 253.93
2024-11-04 16:12:15.380 , 961.00 , 211.98 , 1.12 , 225.87 , 1053.00 , 257.77 , 2.50 , 250.67
2024-11-04 16:12:15.380 , 959.00 , 209.45 , 1.14 , 223.65 , 1009.00 , 247.28 , 2.92 , 250.95
2024-11-04 16:12:15.380 , 940.00 , 207.80 , 1.15 , 226.37 , 1118.00 , 271.28 , 2.90 , 248.47
2024-11-04 16:12:15.380 , 940.00 , 207.60 , 1.16 , 226.15 , 1102.00 , 271.46 , 2.85 , 252.25
2024-11-04 16:12:15.380 , 936.00 , 206.70 , 1.13 , 226.14 , 1098.00 , 270.28 , 2.85 , 252.06
2024-11-04 16:12:15.380 , 904.00 , 198.43 , 1.18 , 224.77 , 1090.00 , 267.10 , 2.81 , 250.93
2024-11-04 16:12:15.380 , 1015.00 , 223.80 , 1.15 , 225.78 , 1103.00 , 263.20 , 2.31 , 244.34
2024-11-04 16:12:15.380 , 990.00 , 218.62 , 1.18 , 226.13 , 1084.00 , 254.55 , 2.44 , 240.46
2024-11-04 16:12:15.380 , 948.00 , 209.58 , 1.18 , 226.38 , 1104.00 , 260.13 , 2.68 , 241.28
2024-11-04 16:12:15.380 , 938.00 , 207.60 , 1.19 , 226.64 , 1172.00 , 273.11 , 2.49 , 238.62
2024-11-04 16:12:15.380 , 977.00 , 214.64 , 1.16 , 224.97 , 1166.00 , 270.21 , 2.62 , 237.31
2024-11-04 16:12:15.380 , 954.00 , 211.24 , 1.17 , 226.74 , 1161.00 , 268.91 , 2.61 , 237.18
2024-11-04 16:12:15.380 , 949.00 , 210.00 , 1.20 , 226.59 , 1154.00 , 272.55 , 2.57 , 241.84
2024-11-04 16:12:15.380 , 1014.00 , 223.34 , 1.18 , 225.54 , 1139.00 , 263.85 , 2.32 , 237.21
2024-11-04 16:12:15.380 , 1006.00 , 220.40 , 1.20 , 224.34 , 1057.00 , 250.84 , 2.52 , 243.01
2024-11-04 16:12:15.380 , 933.00 , 205.51 , 1.20 , 225.55 , 1118.00 , 262.87 , 2.82 , 240.76
2024-11-04 16:12:15.380 , 1023.00 , 225.85 , 1.15 , 226.07 , 968.00 , 237.25 , 2.15 , 250.98
2024-11-04 16:12:15.380 , 964.00 , 212.97 , 1.17 , 226.22 , 1164.00 , 271.64 , 2.70 , 238.97
2024-11-04 16:12:15.380 , 1073.00 , 236.58 , 1.16 , 225.78 , 943.00 , 229.57 , 2.19 , 249.29
2024-11-04 16:12:15.380 , 1055.00 , 233.33 , 1.21 , 226.48 , 949.00 , 235.12 , 2.14 , 253.71
2024-11-04 16:12:15.380 , 1044.00 , 231.49 , 1.21 , 227.06 , 938.00 , 233.20 , 2.17 , 254.58
2024-11-04 16:12:15.380 , 896.00 , 197.67 , 1.16 , 225.91 , 1174.00 , 271.09 , 2.74 , 236.45
2024-11-04 16:12:15.380 , 1114.00 , 246.17 , 1.16 , 226.28 , 957.00 , 237.32 , 2.14 , 253.93
2024-11-04 16:12:15.380 , 1089.00 , 240.38 , 1.19 , 226.03 , 1027.00 , 237.40 , 2.07 , 236.71
2024-11-04 16:12:15.380 , 1000.00 , 219.67 , 1.21 , 224.94 , 934.00 , 231.50 , 2.18 , 253.80
2024-11-04 16:12:15.380 , 1010.00 , 217.22 , 1.30 , 220.23 , 974.00 , 229.98 , 2.03 , 241.79
2024-11-04 16:12:15.380 , 697.00 , 170.15 , 1.26 , 249.98 , 1242.00 , 283.06 , 3.00 , 233.37
2024-11-04 16:12:15.380 , 703.00 , 161.27 , 1.17 , 234.91 , 1268.00 , 282.93 , 3.45 , 228.49
2024-11-04 16:12:15.380 , 788.00 , 175.77 , 1.22 , 228.42 , 1302.00 , 282.73 , 3.45 , 222.36
2024-11-04 16:12:15.380 , 675.00 , 147.12 , 1.22 , 223.19 , 1263.00 , 282.93 , 3.53 , 229.39
2024-11-04 16:12:15.380 , 795.00 , 177.01 , 1.20 , 227.99 , 1267.00 , 283.07 , 3.53 , 228.78
2024-11-04 16:12:15.380 , 899.00 , 198.57 , 1.19 , 226.18 , 1215.00 , 280.32 , 2.78 , 236.26
2024-11-04 16:12:15.380 , 955.00 , 212.07 , 1.18 , 227.39 , 1115.00 , 262.68 , 2.37 , 241.24
2024-11-04 16:12:15.380 , 998.00 , 221.50 , 1.18 , 227.27 , 1097.00 , 260.19 , 2.36 , 242.87
2024-11-04 16:12:15.380 , 969.00 , 214.64 , 1.16 , 226.83 , 1092.00 , 252.96 , 2.61 , 237.21
2024-11-04 16:12:15.380 , 947.00 , 210.97 , 1.12 , 228.12 , 1178.00 , 274.91 , 2.61 , 238.97
2024-11-04 16:12:15.380 , 946.00 , 210.35 , 1.18 , 227.69 , 1165.00 , 271.44 , 2.61 , 238.59
2024-11-04 16:12:15.380 , 918.00 , 203.62 , 1.17 , 227.13 , 1186.00 , 276.51 , 2.57 , 238.74
2024-11-04 16:12:15.380 , 950.00 , 211.51 , 1.20 , 227.98 , 1140.00 , 267.52 , 2.55 , 240.30
2024-11-04 16:12:15.380 , 974.00 , 216.17 , 1.21 , 227.26 , 1097.00 , 255.43 , 2.47 , 238.44
2024-11-04 16:12:15.380 , 978.00 , 216.89 , 1.18 , 227.09 , 1052.00 , 250.78 , 2.59 , 244.11
2024-11-04 16:12:15.380 , 899.00 , 198.77 , 1.19 , 226.40 , 1111.00 , 259.59 , 2.78 , 239.27
2024-11-04 16:12:15.380 , 940.00 , 208.99 , 1.21 , 227.67 , 1150.00 , 266.74 , 2.73 , 237.52
2024-11-04 16:12:15.380 , 953.00 , 211.57 , 1.21 , 227.34 , 1081.00 , 266.07 , 2.82 , 252.04
2024-11-04 16:12:15.380 , 912.00 , 202.01 , 1.21 , 226.82 , 1124.00 , 274.51 , 2.76 , 250.09
2024-11-04 16:12:15.380 , 914.00 , 203.63 , 1.24 , 228.13 , 1076.00 , 264.85 , 2.84 , 252.05
2024-11-04 16:12:15.380 , 1010.00 , 224.24 , 1.21 , 227.34 , 910.00 , 225.66 , 2.23 , 253.93
2024-11-04 16:12:15.380 , 1043.00 , 232.02 , 1.21 , 227.80 , 897.00 , 222.16 , 2.25 , 253.61
2024-11-04 16:12:15.380 , 971.00 , 215.49 , 1.25 , 227.26 , 908.00 , 225.01 , 2.24 , 253.76
2024-11-04 16:12:15.380 , 905.00 , 200.74 , 1.23 , 227.14 , 1101.00 , 265.21 , 2.72 , 246.66
2024-11-04 16:12:15.380 , 1018.00 , 227.13 , 1.19 , 228.46 , 920.00 , 228.46 , 2.24 , 254.29
2024-11-04 16:12:15.380 , 1026.00 , 228.85 , 1.27 , 228.40 , 920.00 , 226.78 , 2.20 , 252.42
2024-11-04 16:12:15.380 , 1000.00 , 221.69 , 1.32 , 227.01 , 887.00 , 217.64 , 2.30 , 251.26
2024-11-04 16:12:15.380 , 1013.00 , 225.41 , 1.27 , 227.85 , 920.00 , 227.59 , 2.24 , 253.32
2024-11-04 16:12:15.380 , 1022.00 , 228.72 , 1.26 , 229.16 , 920.00 , 227.91 , 2.24 , 253.67
2024-11-04 16:12:15.380 , 1014.00 , 226.10 , 1.26 , 228.33 , 946.00 , 230.09 , 2.20 , 249.07
2024-11-04 16:12:15.380 , 910.00 , 202.19 , 1.28 , 227.52 , 1063.00 , 261.62 , 2.95 , 252.03
2024-11-04 16:12:15.380 , 1033.00 , 230.15 , 1.25 , 228.15 , 931.00 , 228.96 , 2.24 , 251.83
2024-11-04 16:12:15.380 , 1016.00 , 226.73 , 1.29 , 228.52 , 906.00 , 224.41 , 2.26 , 253.64
2024-11-04 16:12:15.380 , 953.00 , 211.50 , 1.30 , 227.26 , 889.00 , 220.20 , 2.34 , 253.64
2024-11-04 16:12:15.380 , 971.00 , 216.55 , 1.31 , 228.37 , 890.00 , 216.80 , 2.32 , 249.44
2024-11-04 16:12:15.380 , 1026.00 , 227.22 , 1.24 , 226.78 , 897.00 , 220.99 , 2.30 , 252.28
2024-11-04 16:12:15.380 , 984.00 , 219.43 , 1.26 , 228.35 , 871.00 , 215.27 , 2.34 , 253.09
2024-11-04 16:12:15.380 , 927.00 , 205.74 , 1.28 , 227.27 , 858.00 , 211.78 , 2.38 , 252.76
2024-11-04 16:12:15.380 , 905.00 , 201.10 , 1.31 , 227.55 , 866.00 , 214.50 , 2.39 , 253.64
2024-11-04 16:12:15.380 , 990.00 , 216.12 , 1.25 , 223.54 , 907.00 , 220.32 , 2.26 , 248.75
2024-11-04 16:12:15.380 , 879.00 , 196.64 , 1.38 , 229.07 , 1100.00 , 250.75 , 2.36 , 233.43
2024-11-04 16:12:15.380 , 755.00 , 182.83 , 1.29 , 247.97 , 1254.00 , 283.24 , 3.07 , 231.29
2024-11-04 16:12:15.380 , 639.00 , 156.04 , 1.28 , 250.05 , 1256.00 , 282.43 , 3.36 , 230.26
2024-11-04 16:12:15.380 , 679.00 , 165.85 , 1.25 , 250.12 , 1265.00 , 282.74 , 3.75 , 228.87
2024-11-04 16:12:15.380 , 632.00 , 155.74 , 1.32 , 252.34 , 1314.00 , 282.65 , 3.36 , 220.27
2024-11-04 16:12:15.380 , 774.00 , 189.28 , 1.25 , 250.41 , 1253.00 , 283.36 , 3.10 , 231.57
2024-11-04 16:12:15.380 , 617.00 , 152.43 , 1.30 , 252.97 , 1258.00 , 283.48 , 3.62 , 230.75
2024-11-04 16:12:15.380 , 665.00 , 162.65 , 1.25 , 250.46 , 1269.00 , 282.81 , 3.87 , 228.21
2024-11-04 16:12:15.380 , 611.00 , 149.23 , 1.32 , 250.11 , 1197.00 , 283.09 , 3.67 , 242.17
2024-11-04 16:12:15.380 , 598.00 , 146.11 , 1.30 , 250.20 , 1149.00 , 283.60 , 4.39 , 252.75
2024-11-04 16:12:15.380 , 578.00 , 141.60 , 1.30 , 250.87 , 1175.00 , 282.96 , 4.49 , 246.60
2024-11-04 16:12:15.380 , 773.00 , 189.73 , 1.27 , 251.34 , 1102.00 , 271.57 , 2.97 , 252.34
2024-11-04 16:12:15.380 , 900.00 , 220.60 , 1.26 , 250.99 , 1029.00 , 252.03 , 2.39 , 250.80
2024-11-04 16:12:15.380 , 841.58 , 206.25 , 1.27 , 250.96 , 950.50 , 233.35 , 2.84 , 251.39
2024-11-04 16:12:15.380 , 791.00 , 192.78 , 1.30 , 249.57 , 1066.00 , 262.05 , 2.88 , 251.72
2024-11-04 16:12:15.380 , 814.00 , 199.66 , 1.29 , 251.17 , 1076.00 , 261.09 , 2.82 , 248.47
2024-11-04 16:12:15.380 , 829.00 , 202.56 , 1.29 , 250.21 , 1054.00 , 258.94 , 2.87 , 251.57
2024-11-04 16:12:15.380 , 765.00 , 187.99 , 1.31 , 251.64 , 1078.00 , 265.24 , 2.89 , 251.96
2024-11-04 16:12:15.380 , 868.00 , 213.07 , 1.27 , 251.37 , 1023.00 , 253.87 , 2.73 , 254.12
2024-11-04 16:12:15.380 , 867.00 , 212.67 , 1.25 , 251.18 , 1041.00 , 256.00 , 2.51 , 251.82
2024-11-04 16:12:15.380 , 805.00 , 198.24 , 1.27 , 252.17 , 957.00 , 234.94 , 2.94 , 251.39
2024-11-04 16:12:15.380 , 841.00 , 205.09 , 1.30 , 249.71 , 1091.00 , 263.74 , 2.77 , 247.54
2024-11-04 16:12:15.380 , 803.00 , 196.78 , 1.26 , 250.94 , 1094.00 , 268.15 , 2.93 , 250.99
2024-11-04 16:12:15.380 , 851.00 , 209.58 , 1.29 , 252.19 , 1070.00 , 264.16 , 2.84 , 252.80
2024-11-04 16:12:15.380 , 796.00 , 194.79 , 1.28 , 250.59 , 1078.00 , 264.19 , 2.82 , 250.95
2024-11-04 16:12:15.380 , 887.00 , 217.89 , 1.25 , 251.54 , 898.00 , 222.15 , 2.27 , 253.32
2024-11-04 16:12:15.380 , 853.00 , 209.50 , 1.28 , 251.49 , 1074.00 , 261.18 , 2.85 , 249.02
2024-11-04 16:12:15.380 , 897.00 , 219.97 , 1.32 , 251.11 , 891.00 , 219.83 , 2.25 , 252.64
2024-11-04 16:12:15.380 , 899.00 , 221.62 , 1.28 , 252.44 , 915.00 , 226.41 , 2.24 , 253.38
2024-11-04 16:12:15.380 , 831.00 , 203.88 , 1.25 , 251.23 , 1074.00 , 264.14 , 2.86 , 251.85
2024-11-04 16:12:15.380 , 895.00 , 219.63 , 1.26 , 251.29 , 901.00 , 222.70 , 2.28 , 253.10
2024-11-04 16:12:15.380 , 882.00 , 217.47 , 1.28 , 252.48 , 922.00 , 223.29 , 2.23 , 247.99
2024-11-04 16:12:15.380 , 926.00 , 227.18 , 1.27 , 251.22 , 908.00 , 222.66 , 2.23 , 251.11
2024-11-04 16:12:15.380 , 932.00 , 229.13 , 1.31 , 251.75 , 903.00 , 223.61 , 2.22 , 253.57
2024-11-04 16:12:15.380 , 776.00 , 190.10 , 1.30 , 250.85 , 1084.00 , 266.29 , 2.84 , 251.55
2024-11-04 16:12:15.380 , 933.00 , 229.68 , 1.21 , 252.08 , 909.00 , 224.59 , 2.21 , 253.00
2024-11-04 16:12:15.380 , 932.00 , 228.40 , 1.21 , 250.95 , 903.00 , 223.73 , 2.25 , 253.71
2024-11-04 16:12:15.380 , 924.00 , 227.40 , 1.23 , 252.01 , 938.00 , 227.25 , 2.21 , 248.09
2024-11-04 16:12:15.380 , 917.00 , 224.51 , 1.24 , 250.71 , 898.00 , 221.29 , 2.26 , 252.34
2024-11-04 16:12:15.380 , 872.00 , 213.68 , 1.26 , 250.93 , 892.00 , 220.82 , 2.27 , 253.49
2024-11-04 16:12:15.380 , 889.00 , 219.44 , 1.24 , 252.76 , 889.00 , 220.25 , 2.33 , 253.69
2024-11-04 16:12:15.380 , 938.00 , 230.00 , 1.18 , 251.08 , 899.00 , 222.64 , 2.26 , 253.60
2024-11-04 16:12:15.380 , 787.00 , 193.69 , 1.16 , 252.02 , 1113.00 , 268.68 , 2.89 , 247.19
2024-11-04 16:12:15.380 , 960.00 , 236.13 , 1.17 , 251.87 , 941.00 , 232.05 , 2.20 , 252.52
2024-11-04 16:12:15.380 , 980.00 , 239.81 , 1.19 , 250.57 , 940.00 , 232.71 , 2.19 , 253.51
2024-11-04 16:12:15.380 , 948.00 , 232.90 , 1.21 , 251.57 , 920.00 , 227.99 , 2.22 , 253.77
2024-11-04 16:12:15.380 , 860.00 , 212.16 , 1.24 , 252.62 , 944.00 , 232.54 , 2.19 , 252.24
2024-11-04 16:12:15.380 , 944.00 , 232.36 , 1.21 , 252.05 , 920.00 , 223.89 , 2.21 , 249.20
2024-11-04 16:12:15.380 , 953.00 , 231.25 , 1.18 , 248.48 , 931.00 , 229.42 , 2.18 , 252.34
2024-11-04 16:12:15.380 , 971.00 , 215.26 , 1.37 , 227.01 , 841.00 , 205.69 , 2.18 , 250.45
2024-11-04 16:12:15.380 , 759.00 , 165.91 , 1.15 , 223.84 , 1177.00 , 290.98 , 2.90 , 253.16
2024-11-04 16:12:15.380 , 850.00 , 186.27 , 1.23 , 224.40 , 1153.00 , 284.39 , 3.08 , 252.57
2024-11-04 16:12:15.380 , 532.00 , 128.14 , 1.28 , 246.64 , 1138.00 , 283.30 , 4.39 , 254.92
2024-11-04 16:12:15.380 , 573.00 , 138.32 , 1.28 , 247.19 , 1196.00 , 281.95 , 4.17 , 241.40
2024-11-04 16:12:15.380 , 781.00 , 187.68 , 1.23 , 246.08 , 1141.00 , 284.45 , 3.36 , 255.28
2024-11-04 16:12:15.380 , 604.00 , 146.11 , 1.31 , 247.72 , 1151.00 , 283.70 , 3.82 , 252.40
2024-11-04 16:12:15.380 , 613.00 , 147.99 , 1.28 , 247.21 , 1137.00 , 283.22 , 4.47 , 255.07
2024-11-04 16:12:15.380 , 677.00 , 161.33 , 1.29 , 244.03 , 1220.00 , 283.11 , 3.32 , 237.62
2024-11-04 16:12:15.380 , 667.00 , 160.01 , 1.15 , 245.65 , 1300.00 , 283.15 , 3.46 , 223.03
2024-11-04 16:12:15.380 , 703.00 , 167.84 , 1.17 , 244.47 , 1259.00 , 282.59 , 3.53 , 229.85
2024-11-04 16:12:15.380 , 587.00 , 142.24 , 1.22 , 248.14 , 1212.00 , 282.89 , 3.91 , 239.01
2024-11-04 16:12:15.380 , 728.00 , 173.06 , 1.23 , 243.43 , 1147.00 , 281.20 , 3.76 , 251.05
2024-11-04 16:12:15.380 , 819.00 , 199.13 , 1.26 , 248.97 , 1029.00 , 255.07 , 2.63 , 253.83
2024-11-04 16:12:15.380 , 922.00 , 221.50 , 1.18 , 246.00 , 1002.00 , 244.96 , 2.55 , 250.34
2024-11-04 16:12:15.380 , 805.00 , 194.79 , 1.16 , 247.78 , 1034.00 , 249.51 , 2.93 , 247.10
2024-11-04 16:12:15.380 , 852.00 , 203.99 , 1.14 , 245.17 , 1071.00 , 263.35 , 2.86 , 251.79
2024-11-04 16:12:15.380 , 824.00 , 197.31 , 1.13 , 245.20 , 1076.00 , 264.55 , 2.86 , 251.77
2024-11-04 16:12:15.380 , 825.00 , 198.30 , 1.17 , 246.13 , 1066.00 , 262.31 , 2.86 , 251.97
2024-11-04 16:12:15.380 , 844.00 , 204.44 , 1.13 , 248.04 , 1148.00 , 268.21 , 2.74 , 239.24
2024-11-04 16:12:15.380 , 923.00 , 221.73 , 1.16 , 245.99 , 1103.00 , 256.64 , 2.32 , 238.26
2024-11-04 16:12:15.380 , 868.00 , 209.96 , 1.14 , 247.69 , 998.00 , 240.60 , 2.68 , 246.87
2024-11-04 16:12:15.380 , 910.00 , 219.46 , 1.18 , 246.95 , 1095.00 , 260.69 , 2.51 , 243.79
2024-11-04 16:12:15.380 , 861.00 , 208.43 , 1.16 , 247.89 , 955.00 , 230.07 , 2.62 , 246.69
2024-11-04 16:12:15.380 , 940.00 , 226.09 , 1.12 , 246.29 , 908.00 , 223.49 , 2.28 , 252.04
2024-11-04 16:12:15.380 , 932.00 , 225.30 , 1.10 , 247.54 , 931.00 , 226.10 , 2.27 , 248.69
2024-11-04 16:12:15.380 , 855.00 , 206.11 , 1.12 , 246.85 , 1147.00 , 268.13 , 2.86 , 239.38
2024-11-04 16:12:15.380 , 946.00 , 228.11 , 1.14 , 246.92 , 906.00 , 224.52 , 2.32 , 253.76
2024-11-04 16:12:15.380 , 906.00 , 219.46 , 1.19 , 248.04 , 897.00 , 222.15 , 2.34 , 253.60
2024-11-04 16:12:15.380 , 942.00 , 227.72 , 1.13 , 247.54 , 917.00 , 225.50 , 2.27 , 251.81
2024-11-04 16:12:15.380 , 921.00 , 221.79 , 1.19 , 246.59 , 916.00 , 227.26 , 2.25 , 254.05
2024-11-04 16:12:15.380 , 859.00 , 207.55 , 1.21 , 247.41 , 1058.00 , 257.77 , 2.66 , 249.49
2024-11-04 16:12:15.380 , 896.00 , 215.33 , 1.17 , 246.10 , 920.00 , 226.97 , 2.50 , 252.63
2024-11-04 16:12:15.380 , 960.00 , 231.90 , 1.16 , 247.36 , 925.00 , 228.77 , 2.23 , 253.25
2024-11-04 16:12:15.380 , 935.00 , 226.50 , 1.18 , 248.06 , 935.00 , 230.20 , 2.21 , 252.11
2024-11-04 16:12:15.380 , 936.00 , 226.63 , 1.21 , 247.94 , 901.00 , 223.45 , 2.29 , 253.95
2024-11-04 16:12:15.380 , 904.00 , 216.60 , 1.19 , 245.35 , 918.00 , 221.94 , 2.26 , 247.56
2024-11-04 16:12:15.380 , 938.00 , 225.69 , 1.21 , 246.39 , 904.00 , 223.69 , 2.29 , 253.38
2024-11-04 16:12:15.380 , 952.00 , 228.90 , 1.23 , 246.21 , 912.00 , 225.68 , 2.25 , 253.39
2024-11-04 16:12:15.380 , 900.00 , 218.96 , 1.25 , 249.13 , 900.00 , 224.19 , 2.28 , 255.08
2024-11-04 16:12:15.380 , 845.00 , 203.04 , 1.29 , 246.05 , 1067.00 , 261.51 , 2.81 , 250.97
2024-11-04 16:12:15.380 , 891.00 , 216.02 , 1.30 , 248.27 , 917.00 , 221.93 , 2.22 , 247.83
2024-11-04 16:12:15.380 , 930.00 , 223.30 , 1.29 , 245.87 , 872.00 , 217.00 , 2.32 , 254.83
2024-11-04 16:12:15.380 , 901.00 , 215.82 , 1.28 , 245.28 , 885.00 , 217.73 , 2.30 , 251.92
2024-11-04 16:12:15.380 , 901.00 , 216.48 , 1.26 , 246.03 , 890.00 , 220.36 , 2.28 , 253.53
2024-11-04 16:12:15.380 , 925.00 , 221.68 , 1.27 , 245.41 , 889.00 , 218.81 , 2.29 , 252.04
2024-11-04 16:12:15.380 , 896.00 , 215.54 , 1.29 , 246.34 , 887.00 , 219.11 , 2.26 , 252.96
2024-11-04 16:12:15.380 , 924.00 , 222.06 , 1.29 , 246.09 , 911.00 , 221.14 , 2.24 , 248.58
2024-11-04 16:12:15.380 , 893.00 , 215.25 , 1.32 , 246.83 , 876.00 , 216.50 , 2.30 , 253.08
2024-11-04 16:12:15.380 , 912.00 , 221.42 , 1.26 , 248.62 , 903.00 , 223.87 , 2.25 , 253.87
2024-11-04 16:12:15.380 , 956.00 , 230.45 , 1.27 , 246.85 , 926.00 , 227.74 , 2.19 , 251.84
2024-11-04 16:12:15.380 , 912.00 , 220.33 , 1.27 , 247.39 , 902.00 , 223.57 , 2.26 , 253.81
2024-11-04 16:12:15.380 , 985.00 , 237.31 , 1.26 , 246.71 , 933.00 , 226.52 , 2.13 , 248.62
2024-11-04 16:12:15.380 , 910.00 , 220.70 , 1.27 , 248.35 , 995.00 , 247.69 , 2.22 , 254.91
2024-11-04 16:12:15.380 , 838.00 , 200.54 , 1.30 , 245.05 , 980.00 , 239.45 , 2.95 , 250.20
2024-11-04 16:12:15.380 , 888.00 , 215.47 , 1.31 , 248.47 , 893.00 , 221.28 , 2.32 , 253.74
2024-11-04 16:12:15.380 , 908.00 , 218.80 , 1.28 , 246.76 , 883.00 , 218.59 , 2.32 , 253.49
2024-11-04 16:12:15.380 , 897.00 , 216.55 , 1.29 , 247.21 , 879.00 , 217.56 , 2.34 , 253.45
2024-11-04 16:12:15.380 , 916.00 , 221.43 , 1.27 , 247.53 , 925.00 , 224.50 , 2.24 , 248.52
2024-11-04 16:12:15.380 , 940.00 , 222.49 , 1.26 , 242.38 , 870.00 , 216.44 , 2.32 , 254.75
2024-11-04 16:12:15.380 , 812.00 , 193.84 , 1.29 , 244.45 , 896.00 , 217.82 , 2.23 , 248.93
2024-11-04 16:12:15.380 , 920.00 , 190.51 , 1.37 , 212.04 , 1081.00 , 244.70 , 2.65 , 231.80
2024-11-04 16:12:15.380 , 761.00 , 166.87 , 1.20 , 224.54 , 1239.00 , 281.29 , 3.11 , 232.48
2024-11-04 16:12:15.380 , 826.00 , 183.72 , 1.22 , 227.76 , 1327.00 , 284.75 , 3.27 , 219.73
2024-11-04 16:12:15.380 , 689.00 , 149.98 , 1.19 , 222.90 , 1260.00 , 282.68 , 3.50 , 229.74
2024-11-04 16:12:15.380 , 776.00 , 169.56 , 1.23 , 223.75 , 1249.00 , 281.08 , 3.15 , 230.44
2024-11-04 16:12:15.380 , 909.00 , 200.79 , 1.23 , 226.19 , 1248.00 , 284.27 , 2.79 , 233.24
2024-11-04 16:12:15.380 , 738.00 , 161.89 , 1.23 , 224.62 , 1255.00 , 283.28 , 3.38 , 231.14
2024-11-04 16:12:15.380 , 672.00 , 147.99 , 1.23 , 225.50 , 1260.00 , 283.24 , 3.61 , 230.19
2024-11-04 16:12:15.380 , 846.00 , 186.20 , 1.19 , 225.38 , 1292.00 , 282.50 , 3.22 , 223.90
2024-11-04 16:12:15.380 , 773.00 , 169.50 , 1.21 , 224.54 , 1253.00 , 282.50 , 3.04 , 230.87
2024-11-04 16:12:15.380 , 780.00 , 170.69 , 1.25 , 224.08 , 1261.00 , 283.81 , 3.46 , 230.47
2024-11-04 16:12:15.380 , 706.00 , 155.93 , 1.23 , 226.16 , 1260.00 , 282.96 , 3.54 , 229.97
2024-11-04 16:12:15.380 , 748.00 , 164.13 , 1.24 , 224.69 , 1250.00 , 281.23 , 3.25 , 230.38
2024-11-04 16:12:15.380 , 853.00 , 187.80 , 1.22 , 225.44 , 1279.00 , 284.13 , 3.13 , 227.48
2024-11-04 16:12:15.380 , 660.00 , 145.99 , 1.24 , 226.50 , 1273.00 , 283.02 , 3.95 , 227.66
2024-11-04 16:12:15.380 , 655.00 , 144.02 , 1.23 , 225.15 , 1271.00 , 283.25 , 4.03 , 228.20
2024-11-04 16:12:15.380 , 820.00 , 180.01 , 1.26 , 224.79 , 1151.00 , 282.94 , 3.16 , 251.72
2024-11-04 16:12:15.380 , 714.00 , 158.07 , 1.27 , 226.70 , 1148.00 , 283.82 , 3.85 , 253.17
2024-11-04 16:12:15.380 , 610.00 , 134.09 , 1.23 , 225.10 , 1138.00 , 283.46 , 4.46 , 255.07
2024-11-04 16:12:15.380 , 627.00 , 138.27 , 1.26 , 225.81 , 1166.00 , 283.57 , 4.42 , 249.04
2024-11-04 16:12:15.380 , 645.54 , 142.36 , 1.23 , 225.82 , 1142.57 , 280.38 , 4.36 , 251.29
2024-11-04 16:12:15.380 , 809.00 , 177.88 , 1.25 , 225.15 , 1119.00 , 274.57 , 3.37 , 251.26
2024-11-04 16:12:15.380 , 914.00 , 201.59 , 1.24 , 225.86 , 1049.00 , 260.20 , 2.93 , 254.00
2024-11-04 16:12:15.380 , 969.00 , 212.57 , 1.23 , 224.63 , 1025.00 , 252.11 , 2.49 , 251.87
2024-11-04 16:12:15.380 , 963.00 , 211.07 , 1.21 , 224.44 , 947.00 , 232.57 , 2.76 , 251.48
2024-11-04 16:12:15.380 , 905.00 , 199.26 , 1.27 , 225.46 , 1110.00 , 265.25 , 2.78 , 244.70
2024-11-04 16:12:15.380 , 917.00 , 200.63 , 1.22 , 224.04 , 1078.00 , 265.23 , 2.81 , 251.94
2024-11-04 16:12:15.380 , 933.00 , 205.61 , 1.24 , 225.67 , 1077.00 , 265.88 , 2.85 , 252.80
2024-11-04 16:12:15.380 , 888.00 , 195.69 , 1.25 , 225.66 , 1069.00 , 262.93 , 2.88 , 251.87
2024-11-04 16:12:15.380 , 928.00 , 204.66 , 1.20 , 225.83 , 1042.00 , 258.39 , 2.81 , 253.93
2024-11-04 16:12:15.380 , 969.00 , 213.55 , 1.22 , 225.68 , 1036.00 , 253.50 , 2.46 , 250.56
2024-11-04 16:12:15.380 , 923.00 , 203.20 , 1.23 , 225.43 , 971.00 , 234.21 , 2.95 , 246.99
2024-11-04 16:12:15.380 , 1013.00 , 223.15 , 1.21 , 225.57 , 895.00 , 222.21 , 2.31 , 254.24
2024-11-04 16:12:15.380 , 933.00 , 205.37 , 1.24 , 225.40 , 1086.00 , 267.34 , 2.83 , 252.08
2024-11-04 16:12:15.380 , 1024.00 , 226.75 , 1.21 , 226.75 , 953.00 , 222.65 , 2.24 , 239.24
2024-11-04 16:12:15.380 , 1004.00 , 221.43 , 1.23 , 225.84 , 927.00 , 229.30 , 2.28 , 253.29
2024-11-04 16:12:15.380 , 1035.00 , 228.60 , 1.19 , 226.17 , 934.00 , 224.98 , 2.22 , 246.66
2024-11-04 16:12:15.380 , 950.00 , 209.77 , 1.24 , 226.11 , 1026.00 , 255.45 , 2.58 , 254.95
2024-11-04 16:12:15.380 , 977.00 , 215.54 , 1.23 , 225.91 , 943.00 , 231.13 , 2.68 , 250.98
2024-11-04 16:12:15.380 , 969.00 , 212.60 , 1.24 , 224.67 , 890.00 , 220.41 , 2.33 , 253.60
2024-11-04 16:12:15.380 , 1008.00 , 222.30 , 1.26 , 225.83 , 875.00 , 215.60 , 2.31 , 252.32
2024-11-04 16:12:15.380 , 1012.00 , 223.42 , 1.25 , 226.07 , 946.00 , 230.21 , 2.23 , 249.20
2024-11-04 16:12:15.380 , 1034.00 , 228.28 , 1.22 , 226.08 , 909.00 , 225.27 , 2.27 , 253.76
2024-11-04 16:12:15.380 , 988.00 , 217.47 , 1.22 , 225.39 , 905.00 , 224.06 , 2.28 , 253.52
2024-11-04 16:12:15.380 , 948.00 , 209.24 , 1.23 , 226.02 , 1061.00 , 260.90 , 2.92 , 251.80
2024-11-04 16:12:15.380 , 983.00 , 216.61 , 1.21 , 225.65 , 907.00 , 223.42 , 2.31 , 252.24
2024-11-04 16:12:15.380 , 1031.00 , 227.54 , 1.21 , 225.99 , 902.00 , 223.43 , 2.30 , 253.65
2024-11-04 16:12:15.380 , 995.00 , 219.45 , 1.21 , 225.85 , 920.00 , 224.75 , 2.27 , 250.16
2024-11-04 16:12:15.380 , 1008.00 , 222.42 , 1.21 , 225.95 , 896.00 , 221.79 , 2.30 , 253.48
2024-11-04 16:12:15.380 , 1019.00 , 224.79 , 1.21 , 225.90 , 879.00 , 217.67 , 2.34 , 253.58
2024-11-04 16:12:15.380 , 954.00 , 210.36 , 1.21 , 225.79 , 903.00 , 222.20 , 2.32 , 251.98
2024-11-04 16:12:15.380 , 1000.00 , 220.98 , 1.25 , 226.28 , 861.00 , 213.43 , 2.33 , 253.84
2024-11-04 16:12:15.380 , 1003.00 , 221.62 , 1.20 , 226.26 , 915.00 , 221.71 , 2.29 , 248.13
2024-11-04 16:12:15.380 , 1003.00 , 220.05 , 1.20 , 224.66 , 912.00 , 225.91 , 2.29 , 253.66
2024-11-04 16:12:15.380 , 1040.00 , 230.41 , 1.21 , 226.87 , 910.00 , 224.91 , 2.26 , 253.09
2024-11-04 16:12:15.380 , 901.00 , 197.67 , 1.23 , 224.65 , 1079.00 , 265.45 , 2.88 , 251.91
2024-11-04 16:12:15.380 , 1090.00 , 240.73 , 1.19 , 226.16 , 947.00 , 234.82 , 2.19 , 253.92
2024-11-04 16:12:15.380 , 1006.00 , 221.04 , 1.23 , 225.00 , 933.00 , 226.76 , 2.24 , 248.87
2024-11-04 16:12:15.380 , 1025.00 , 226.70 , 1.22 , 226.48 , 904.00 , 223.92 , 2.27 , 253.65
2024-11-04 16:12:15.380 , 1000.00 , 220.53 , 1.25 , 225.82 , 906.00 , 224.38 , 2.25 , 253.60
2024-11-04 16:12:15.380 , 1053.00 , 231.36 , 1.20 , 224.99 , 915.00 , 226.63 , 2.25 , 253.63
2024-11-04 16:12:15.380 , 1023.00 , 225.28 , 1.24 , 225.50 , 942.00 , 232.23 , 2.20 , 252.45
2024-11-04 16:12:15.380 , 1063.00 , 235.07 , 1.22 , 226.45 , 940.00 , 228.51 , 2.20 , 248.93
2024-11-04 16:12:15.380 , 1001.00 , 220.78 , 1.22 , 225.85 , 923.00 , 228.69 , 2.22 , 253.71
2024-11-04 16:12:15.380 , 1076.00 , 237.98 , 1.19 , 226.48 , 938.00 , 232.47 , 2.18 , 253.79
2024-11-04 16:12:15.380 , 1030.00 , 226.66 , 1.20 , 225.34 , 933.00 , 232.19 , 2.23 , 254.83
2024-11-04 16:12:15.380 , 1061.00 , 234.42 , 1.21 , 226.25 , 927.00 , 228.45 , 2.21 , 252.36
2024-11-04 16:12:15.380 , 1001.00 , 220.47 , 1.22 , 225.54 , 911.00 , 224.33 , 2.24 , 252.15
2024-11-04 16:12:15.380 , 1047.00 , 231.58 , 1.20 , 226.49 , 930.00 , 226.92 , 2.25 , 249.85
2024-11-04 16:12:15.380 , 1040.00 , 229.37 , 1.21 , 225.84 , 942.00 , 233.38 , 2.18 , 253.69
2024-11-04 16:12:15.380 , 1057.00 , 231.56 , 1.17 , 224.33 , 928.00 , 229.98 , 2.22 , 253.77
2024-11-04 16:12:15.380 , 970.00 , 213.17 , 1.22 , 225.04 , 1052.00 , 259.68 , 2.33 , 252.77
2024-11-04 16:12:15.380 , 887.00 , 178.77 , 1.49 , 206.38 , 852.00 , 206.28 , 3.07 , 247.92
2024-11-04 16:12:15.380 , 733.00 , 163.93 , 1.23 , 229.00 , 1199.00 , 283.03 , 3.07 , 241.72
2024-11-04 16:12:15.380 , 733.00 , 161.99 , 1.24 , 226.31 , 1150.00 , 283.32 , 3.26 , 252.28
2024-11-04 16:12:15.380 , 654.00 , 145.50 , 1.25 , 227.82 , 1138.00 , 283.70 , 4.48 , 255.28
2024-11-04 16:12:15.380 , 709.00 , 158.67 , 1.26 , 229.17 , 1150.00 , 283.14 , 3.97 , 252.11
2024-11-04 16:12:15.380 , 761.00 , 167.95 , 1.24 , 225.99 , 1148.00 , 283.18 , 3.24 , 252.60
2024-11-04 16:12:15.380 , 624.00 , 138.76 , 1.24 , 227.71 , 1139.00 , 283.70 , 4.27 , 255.06
2024-11-04 16:12:15.380 , 708.00 , 157.91 , 1.25 , 228.39 , 1173.00 , 283.41 , 4.44 , 247.41
2024-11-04 16:12:15.380 , 776.00 , 172.81 , 1.23 , 228.04 , 1150.00 , 283.33 , 2.97 , 252.29
2024-11-04 16:12:15.380 , 754.00 , 165.96 , 1.27 , 225.39 , 1149.00 , 283.12 , 3.18 , 252.32
2024-11-04 16:12:15.380 , 637.00 , 142.03 , 1.25 , 228.32 , 1138.00 , 283.73 , 4.56 , 255.31
2024-11-04 16:12:15.380 , 708.00 , 157.56 , 1.21 , 227.88 , 1152.00 , 283.51 , 4.05 , 252.01
2024-11-04 16:12:15.380 , 769.00 , 171.35 , 1.24 , 228.17 , 1169.00 , 283.25 , 3.30 , 248.12
2024-11-04 16:12:15.380 , 632.00 , 140.05 , 1.25 , 226.91 , 1137.00 , 283.44 , 4.15 , 255.27
2024-11-04 16:12:15.380 , 646.00 , 143.78 , 1.24 , 227.90 , 1143.00 , 283.29 , 4.49 , 253.79
2024-11-04 16:12:15.380 , 827.00 , 183.98 , 1.19 , 227.80 , 1233.00 , 282.80 , 3.11 , 234.86
2024-11-04 16:12:15.380 , 731.00 , 162.04 , 1.22 , 226.99 , 1257.00 , 283.09 , 3.32 , 230.62
2024-11-04 16:12:15.380 , 779.00 , 173.79 , 1.18 , 228.45 , 1264.00 , 283.29 , 3.41 , 229.50
2024-11-04 16:12:15.380 , 738.00 , 163.88 , 1.21 , 227.38 , 1260.00 , 282.42 , 3.55 , 229.53
2024-11-04 16:12:15.380 , 657.00 , 146.21 , 1.23 , 227.88 , 1282.00 , 283.46 , 3.89 , 226.42
2024-11-04 16:12:15.380 , 666.00 , 148.14 , 1.20 , 227.78 , 1274.00 , 282.64 , 3.99 , 227.18
2024-11-04 16:12:15.380 , 800.00 , 177.87 , 1.18 , 227.68 , 1256.00 , 282.95 , 3.45 , 230.68
2024-11-04 16:12:15.380 , 1008.00 , 224.56 , 1.21 , 228.13 , 1022.00 , 245.61 , 2.47 , 246.09
2024-11-04 16:12:15.380 , 873.00 , 193.70 , 1.19 , 227.21 , 1090.00 , 251.97 , 2.86 , 236.71
2024-11-04 16:12:15.380 , 1032.00 , 229.38 , 1.19 , 227.60 , 901.00 , 221.75 , 2.29 , 252.02
2024-11-04 16:12:15.380 , 908.00 , 202.40 , 1.20 , 228.25 , 1154.00 , 267.71 , 2.74 , 237.56
2024-11-04 16:12:15.380 , 1011.00 , 224.51 , 1.19 , 227.40 , 916.00 , 226.84 , 2.28 , 253.59
2024-11-04 16:12:15.380 , 1024.00 , 227.39 , 1.23 , 227.39 , 889.00 , 221.20 , 2.31 , 254.79
2024-11-04 16:12:15.380 , 894.00 , 199.07 , 1.20 , 228.02 , 1169.00 , 266.26 , 2.75 , 233.24
2024-11-04 16:12:15.380 , 1020.00 , 226.48 , 1.21 , 227.37 , 922.00 , 227.20 , 2.25 , 252.33
2024-11-04 16:12:15.380 , 1018.00 , 226.65 , 1.18 , 227.98 , 897.00 , 222.42 , 2.28 , 253.91
2024-11-04 16:12:15.380 , 965.00 , 214.58 , 1.23 , 227.70 , 897.00 , 223.20 , 2.33 , 254.80
2024-11-04 16:12:15.380 , 997.00 , 221.95 , 1.21 , 227.97 , 899.00 , 221.22 , 2.29 , 251.98
2024-11-04 16:12:15.380 , 962.00 , 214.58 , 1.21 , 228.41 , 1115.00 , 260.31 , 2.65 , 239.06
2024-11-04 16:12:15.380 , 940.00 , 208.76 , 1.22 , 227.41 , 927.00 , 225.43 , 2.44 , 249.01
2024-11-04 16:12:15.380 , 1017.00 , 225.70 , 1.22 , 227.26 , 895.00 , 220.44 , 2.29 , 252.21
2024-11-04 16:12:15.380 , 975.00 , 217.47 , 1.20 , 228.39 , 897.00 , 223.20 , 2.31 , 254.80
2024-11-04 16:12:15.380 , 996.00 , 221.44 , 1.22 , 227.67 , 897.00 , 221.00 , 2.27 , 252.29
2024-11-04 16:12:15.380 , 1024.00 , 228.48 , 1.21 , 228.48 , 932.00 , 224.93 , 2.21 , 247.13
2024-11-04 16:12:15.380 , 957.00 , 213.49 , 1.22 , 228.44 , 886.00 , 220.45 , 2.34 , 254.79
2024-11-04 16:12:15.380 , 1035.00 , 230.47 , 1.22 , 228.02 , 902.00 , 222.25 , 2.25 , 252.31
2024-11-04 16:12:15.380 , 978.00 , 217.47 , 1.24 , 227.70 , 898.00 , 222.39 , 2.28 , 253.60
2024-11-04 16:12:15.380 , 909.00 , 201.64 , 1.22 , 227.15 , 1134.00 , 263.71 , 2.78 , 238.13
2024-11-04 16:12:15.380 , 1040.00 , 232.45 , 1.22 , 228.87 , 898.00 , 223.45 , 2.23 , 254.80
2024-11-04 16:12:15.380 , 883.00 , 196.54 , 1.23 , 227.93 , 851.00 , 206.27 , 2.31 , 248.20
2024-11-04 16:12:15.380 , 988.00 , 220.54 , 1.23 , 228.58 , 883.00 , 217.47 , 2.32 , 252.20
2024-11-04 16:12:15.380 , 981.00 , 218.26 , 1.24 , 227.82 , 894.00 , 221.38 , 2.30 , 253.57
2024-11-04 16:12:15.380 , 983.00 , 219.45 , 1.21 , 228.60 , 897.00 , 221.42 , 2.29 , 252.77
2024-11-04 16:12:15.380 , 1020.00 , 228.23 , 1.21 , 229.13 , 901.00 , 223.40 , 2.27 , 253.90
2024-11-04 16:12:15.380 , 1019.00 , 228.65 , 1.22 , 229.77 , 918.00 , 225.31 , 2.24 , 251.33
2024-11-04 16:12:15.380 , 962.00 , 214.23 , 1.24 , 228.03 , 899.00 , 221.41 , 2.31 , 252.20
2024-11-04 16:12:15.380 , 986.00 , 220.54 , 1.23 , 229.04 , 899.00 , 222.41 , 2.29 , 253.33
2024-11-04 16:12:15.380 , 991.00 , 221.60 , 1.26 , 228.98 , 897.00 , 221.90 , 2.29 , 253.32
2024-11-04 16:12:15.380 , 991.00 , 221.77 , 1.21 , 229.16 , 891.00 , 220.71 , 2.30 , 253.66
2024-11-04 16:12:15.380 , 976.00 , 218.56 , 1.23 , 229.31 , 895.00 , 217.18 , 2.28 , 248.49
2024-11-04 16:12:15.380 , 914.00 , 203.62 , 1.19 , 228.13 , 1141.00 , 265.21 , 2.80 , 238.02
2024-11-04 16:12:15.380 , 1003.00 , 227.39 , 1.22 , 232.15 , 899.00 , 222.49 , 2.27 , 253.43
2024-11-04 16:12:15.380 , 871.00 , 214.59 , 1.26 , 252.28 , 897.00 , 222.39 , 2.30 , 253.88
2024-11-04 16:12:15.380 , 893.00 , 219.68 , 1.26 , 251.90 , 888.00 , 219.99 , 2.36 , 253.68
2024-11-04 16:12:15.380 , 916.00 , 225.91 , 1.24 , 252.55 , 926.00 , 225.70 , 2.25 , 249.58
2024-11-04 16:12:15.380 , 906.00 , 223.42 , 1.29 , 252.52 , 920.00 , 226.52 , 2.26 , 252.12
2024-11-04 16:12:15.380 , 927.00 , 228.48 , 1.26 , 252.39 , 906.00 , 223.86 , 2.28 , 253.01
2024-11-04 16:12:15.380 , 897.00 , 221.44 , 1.26 , 252.79 , 901.00 , 223.31 , 2.31 , 253.80
2024-11-04 16:12:15.380 , 931.00 , 229.00 , 1.24 , 251.87 , 902.00 , 223.49 , 2.32 , 253.72
2024-11-04 16:12:15.380 , 901.00 , 221.71 , 1.27 , 251.98 , 915.00 , 225.61 , 2.28 , 252.49
2024-11-04 16:12:15.380 , 915.00 , 225.41 , 1.26 , 252.26 , 938.00 , 226.42 , 2.27 , 247.18
2024-11-04 16:12:15.380 , 907.00 , 223.12 , 1.27 , 251.90 , 900.00 , 221.97 , 2.30 , 252.56
2024-11-04 16:12:15.380 , 866.00 , 213.24 , 1.29 , 252.14 , 910.00 , 225.43 , 2.31 , 253.67
2024-11-04 16:12:15.380 , 948.00 , 233.34 , 1.30 , 252.05 , 890.00 , 220.39 , 2.30 , 253.57
2024-11-04 16:12:15.380 , 894.00 , 220.53 , 1.28 , 252.60 , 902.00 , 223.34 , 2.29 , 253.55
2024-11-04 16:12:15.380 , 886.00 , 218.68 , 1.28 , 252.74 , 900.00 , 220.39 , 2.31 , 250.75
2024-11-04 16:12:15.380 , 912.00 , 225.39 , 1.32 , 253.07 , 896.00 , 221.30 , 2.27 , 252.92
2024-11-04 16:12:15.380 , 871.00 , 214.57 , 1.27 , 252.27 , 902.00 , 223.38 , 2.31 , 253.59
2024-11-04 16:12:15.380 , 931.00 , 229.37 , 1.28 , 252.28 , 874.00 , 216.39 , 2.28 , 253.52
2024-11-04 16:12:15.380 , 882.00 , 217.46 , 1.30 , 252.47 , 903.00 , 223.64 , 2.30 , 253.60
2024-11-04 16:12:15.380 , 802.00 , 196.77 , 1.28 , 251.23 , 1144.00 , 266.14 , 2.81 , 238.22
2024-11-04 16:12:15.380 , 970.00 , 239.29 , 1.24 , 252.61 , 924.00 , 223.55 , 2.24 , 247.75
2024-11-04 16:12:15.380 , 876.00 , 216.39 , 1.26 , 252.95 , 921.00 , 228.95 , 2.27 , 254.55
2024-11-04 16:12:15.380 , 930.69 , 229.18 , 1.25 , 252.16 , 905.94 , 223.29 , 2.23 , 252.38
2024-11-04 16:12:15.380 , 907.00 , 223.41 , 1.29 , 252.23 , 903.00 , 223.53 , 2.28 , 253.48
2024-11-04 16:12:15.380 , 871.00 , 215.47 , 1.29 , 253.32 , 918.00 , 227.38 , 2.28 , 253.63
2024-11-04 16:12:15.380 , 968.00 , 238.39 , 1.25 , 252.18 , 906.00 , 224.29 , 2.30 , 253.51
2024-11-04 16:12:15.380 , 890.00 , 219.50 , 1.29 , 252.55 , 945.00 , 228.53 , 2.21 , 247.64
2024-11-04 16:12:15.380 , 935.00 , 230.23 , 1.23 , 252.14 , 924.00 , 228.97 , 2.26 , 253.75
2024-11-04 16:12:15.380 , 935.00 , 231.10 , 1.28 , 253.10 , 925.00 , 229.14 , 2.24 , 253.66
2024-11-04 16:12:15.380 , 870.00 , 215.17 , 1.30 , 253.25 , 919.00 , 227.62 , 2.25 , 253.63
2024-11-04 16:12:15.380 , 943.00 , 229.29 , 1.26 , 248.99 , 901.00 , 223.03 , 2.32 , 253.48
2024-11-04 16:12:15.380 , 863.00 , 212.82 , 1.27 , 252.52 , 942.00 , 230.49 , 2.23 , 250.55
2024-11-04 16:12:15.380 , 863.00 , 171.83 , 1.22 , 203.88 , 991.00 , 226.17 , 2.48 , 233.70
2024-11-04 16:12:15.380 , 820.00 , 180.89 , 1.23 , 225.90 , 1251.00 , 283.35 , 3.01 , 231.93
2024-11-04 16:12:15.380 , 905.00 , 197.41 , 1.48 , 223.37 , 1258.00 , 281.80 , 2.88 , 229.38
2024-11-04 16:12:15.380 , 728.00 , 159.90 , 1.20 , 224.92 , 1261.00 , 282.68 , 3.59 , 229.55
2024-11-04 16:12:15.380 , 739.00 , 162.37 , 1.22 , 224.99 , 1263.00 , 283.09 , 3.52 , 229.52
2024-11-04 16:12:15.380 , 824.00 , 181.73 , 1.20 , 225.84 , 1301.00 , 282.55 , 2.97 , 222.39
2024-11-04 16:12:15.380 , 841.00 , 185.82 , 1.21 , 226.25 , 1254.00 , 283.53 , 3.01 , 231.53
2024-11-04 16:12:15.380 , 729.00 , 161.88 , 1.21 , 227.39 , 1254.00 , 282.70 , 3.53 , 230.85
2024-11-04 16:12:15.380 , 710.00 , 158.17 , 1.21 , 228.12 , 1256.00 , 281.10 , 3.46 , 229.18
2024-11-04 16:12:15.380 , 834.00 , 185.71 , 1.21 , 228.01 , 1256.00 , 284.90 , 3.01 , 232.28
2024-11-04 16:12:15.380 , 791.00 , 174.99 , 1.18 , 226.53 , 1285.00 , 282.73 , 3.30 , 225.31
2024-11-04 16:12:15.380 , 690.00 , 153.67 , 1.22 , 228.05 , 1256.00 , 283.24 , 3.55 , 230.92
2024-11-04 16:12:15.380 , 764.00 , 170.09 , 1.22 , 227.97 , 1257.00 , 281.73 , 3.35 , 229.51
2024-11-04 16:12:15.380 , 815.00 , 180.95 , 1.20 , 227.35 , 1257.00 , 283.11 , 3.07 , 230.63
2024-11-04 16:12:15.380 , 757.00 , 167.84 , 1.19 , 227.04 , 1254.00 , 283.98 , 3.31 , 231.89
2024-11-04 16:12:15.380 , 718.00 , 159.90 , 1.21 , 228.05 , 1286.00 , 283.06 , 3.52 , 225.39
2024-11-04 16:12:15.380 , 776.00 , 172.07 , 1.19 , 227.06 , 1253.00 , 282.79 , 3.32 , 231.10
2024-11-04 16:12:15.380 , 784.00 , 173.80 , 1.20 , 227.00 , 1255.00 , 283.08 , 3.29 , 230.98
2024-11-04 16:12:15.380 , 835.00 , 184.83 , 1.15 , 226.67 , 1254.00 , 282.95 , 3.23 , 231.05
2024-11-04 16:12:15.380 , 680.00 , 151.96 , 1.21 , 228.83 , 1260.00 , 283.06 , 3.61 , 230.04
2024-11-04 16:12:15.380 , 780.00 , 174.00 , 1.18 , 228.43 , 1250.00 , 281.72 , 3.27 , 230.78
2024-11-04 16:12:15.380 , 737.00 , 163.87 , 1.17 , 227.68 , 1271.00 , 283.82 , 3.33 , 228.67
2024-11-04 16:12:15.380 , 773.00 , 172.02 , 1.18 , 227.88 , 1266.00 , 283.15 , 3.41 , 229.03
2024-11-04 16:12:15.380 , 722.00 , 160.38 , 1.21 , 227.47 , 1260.00 , 283.10 , 3.59 , 230.07
2024-11-04 16:12:15.380 , 753.00 , 168.00 , 1.18 , 228.46 , 1264.00 , 282.82 , 3.48 , 229.12
2024-11-04 16:12:15.380 , 641.00 , 142.03 , 1.25 , 226.90 , 1267.00 , 282.70 , 4.06 , 228.48
2024-11-04 16:12:15.380 , 817.00 , 181.04 , 1.27 , 226.92 , 1278.00 , 283.11 , 3.35 , 226.84
2024-11-04 16:12:15.380 , 689.00 , 153.45 , 1.31 , 228.06 , 1268.00 , 282.73 , 4.02 , 228.33
2024-11-04 16:12:15.380 , 766.00 , 170.18 , 1.29 , 227.50 , 1206.00 , 283.15 , 3.40 , 240.42
2024-11-04 16:12:15.380 , 593.00 , 132.11 , 1.33 , 228.12 , 1144.00 , 283.59 , 4.48 , 253.84
2024-11-04 16:12:15.380 , 793.00 , 175.98 , 1.25 , 227.25 , 1143.00 , 282.32 , 3.62 , 252.92
2024-11-04 16:12:15.380 , 624.00 , 138.25 , 1.29 , 226.87 , 1167.00 , 284.63 , 4.41 , 249.75
2024-11-04 16:12:15.380 , 729.00 , 162.09 , 1.27 , 227.68 , 1145.00 , 282.82 , 3.66 , 252.93
2024-11-04 16:12:15.380 , 619.00 , 138.10 , 1.32 , 228.45 , 1141.00 , 283.66 , 4.49 , 254.57
2024-11-04 16:12:15.380 , 720.00 , 160.11 , 1.27 , 227.71 , 1238.00 , 283.34 , 3.55 , 234.36
2024-11-04 16:12:15.380 , 758.00 , 167.84 , 1.24 , 226.74 , 1258.00 , 282.71 , 3.58 , 230.12
2024-11-04 16:12:15.380 , 664.00 , 146.89 , 1.22 , 226.53 , 1213.00 , 283.24 , 4.08 , 239.11
2024-11-04 16:12:15.380 , 741.00 , 164.03 , 1.26 , 226.68 , 1089.00 , 267.16 , 3.75 , 251.21
2024-11-04 16:12:15.380 , 895.00 , 199.65 , 1.26 , 228.43 , 1070.00 , 263.93 , 2.90 , 252.58
2024-11-04 16:12:15.380 , 1055.00 , 235.33 , 1.21 , 228.42 , 930.00 , 229.24 , 2.18 , 252.41
2024-11-04 16:12:15.380 , 932.00 , 206.70 , 1.18 , 227.11 , 1100.00 , 270.35 , 2.76 , 251.67
2024-11-04 16:12:15.380 , 1017.00 , 225.80 , 1.18 , 227.35 , 937.00 , 232.38 , 2.18 , 253.95
2024-11-04 16:12:15.380 , 1046.00 , 233.35 , 1.20 , 228.44 , 938.00 , 228.51 , 2.16 , 249.46
2024-11-04 16:12:15.380 , 1042.00 , 232.50 , 1.17 , 228.48 , 940.00 , 232.95 , 2.17 , 253.77
2024-11-04 16:12:15.380 , 935.00 , 207.59 , 1.19 , 227.35 , 1104.00 , 271.36 , 2.84 , 251.70
2024-11-04 16:12:15.380 , 1030.00 , 229.35 , 1.21 , 228.01 , 923.00 , 227.50 , 2.19 , 252.40
2024-11-04 16:12:15.380 , 1020.00 , 227.39 , 1.21 , 228.28 , 929.00 , 230.38 , 2.21 , 253.93
2024-11-04 16:12:15.380 , 1037.00 , 230.55 , 1.21 , 227.66 , 938.00 , 227.79 , 2.20 , 248.67
2024-11-04 16:12:15.380 , 1028.00 , 229.38 , 1.19 , 228.49 , 937.00 , 232.14 , 2.21 , 253.70
2024-11-04 16:12:15.380 , 1062.00 , 236.42 , 1.20 , 227.96 , 967.00 , 238.49 , 2.12 , 252.55
2024-11-04 16:12:15.380 , 949.00 , 211.56 , 1.22 , 228.29 , 1093.00 , 270.12 , 2.80 , 253.07
2024-11-04 16:12:15.380 , 1062.00 , 235.73 , 1.20 , 227.30 , 963.00 , 238.41 , 2.13 , 253.51
2024-11-04 16:12:15.380 , 994.00 , 221.44 , 1.23 , 228.12 , 932.00 , 226.53 , 2.20 , 248.89
2024-11-04 16:12:15.380 , 1025.00 , 228.48 , 1.21 , 228.26 , 911.00 , 225.61 , 2.23 , 253.59
2024-11-04 16:12:15.380 , 1018.00 , 227.15 , 1.18 , 228.49 , 923.00 , 227.49 , 2.23 , 252.39
2024-11-04 16:12:15.380 , 1011.00 , 225.31 , 1.19 , 228.21 , 912.00 , 225.91 , 2.25 , 253.65
2024-11-04 16:12:15.380 , 1054.00 , 235.33 , 1.21 , 228.63 , 922.00 , 229.21 , 2.21 , 254.57
2024-11-04 16:12:15.380 , 1037.00 , 230.47 , 1.20 , 227.58 , 952.00 , 235.89 , 2.15 , 253.74
2024-11-04 16:12:15.380 , 1016.00 , 226.12 , 1.20 , 227.91 , 948.00 , 230.28 , 2.17 , 248.74
2024-11-04 16:12:15.380 , 951.00 , 211.57 , 1.24 , 227.81 , 1082.00 , 265.16 , 2.80 , 250.95
2024-11-04 16:12:15.380 , 992.00 , 221.44 , 1.25 , 228.58 , 907.00 , 225.21 , 2.28 , 254.26
2024-11-04 16:12:15.380 , 1010.00 , 225.36 , 1.22 , 228.49 , 912.00 , 226.14 , 2.25 , 253.91
2024-11-04 16:12:15.380 , 1011.00 , 224.94 , 1.20 , 227.83 , 914.00 , 225.42 , 2.25 , 252.55
2024-11-04 16:12:15.380 , 1011.00 , 225.41 , 1.22 , 228.30 , 911.00 , 222.33 , 2.27 , 249.91
2024-11-04 16:12:15.380 , 969.00 , 215.72 , 1.25 , 227.96 , 908.00 , 222.84 , 2.25 , 251.31
2024-11-04 16:12:15.380 , 1043.00 , 232.45 , 1.21 , 228.21 , 907.00 , 225.21 , 2.24 , 254.26
2024-11-04 16:12:15.380 , 994.00 , 221.32 , 1.21 , 228.00 , 913.00 , 226.39 , 2.23 , 253.92
2024-11-04 16:12:15.380 , 1035.00 , 230.42 , 1.20 , 227.98 , 922.00 , 228.39 , 2.20 , 253.66
2024-11-04 16:12:15.380 , 1047.00 , 233.35 , 1.16 , 228.22 , 927.00 , 229.64 , 2.20 , 253.67
2024-11-04 16:12:15.380 , 1006.00 , 224.12 , 1.19 , 228.13 , 957.00 , 231.96 , 2.17 , 248.20
2024-11-04 16:12:15.380 , 1038.00 , 230.47 , 1.20 , 227.36 , 921.00 , 228.42 , 2.20 , 253.97
2024-11-04 16:12:15.380 , 1045.00 , 232.42 , 1.20 , 227.75 , 914.00 , 226.49 , 2.22 , 253.75
2024-11-04 16:12:15.380 , 996.00 , 221.29 , 1.23 , 227.51 , 926.00 , 229.39 , 2.21 , 253.67
2024-11-04 16:12:15.380 , 917.00 , 203.86 , 1.22 , 227.65 , 1090.00 , 268.36 , 2.81 , 252.11
2024-11-04 16:12:15.380 , 1043.00 , 232.70 , 1.19 , 228.46 , 920.00 , 224.34 , 2.22 , 249.70
2024-11-04 16:12:15.380 , 968.00 , 215.93 , 1.25 , 228.42 , 892.00 , 219.50 , 2.29 , 251.98
2024-11-04 16:12:15.380 , 994.00 , 221.09 , 1.26 , 227.76 , 887.00 , 219.51 , 2.30 , 253.41
2024-11-04 16:12:15.380 , 1007.00 , 223.98 , 1.23 , 227.76 , 906.00 , 224.32 , 2.26 , 253.54
2024-11-04 16:12:15.380 , 1010.00 , 225.41 , 1.20 , 228.53 , 930.00 , 230.40 , 2.24 , 253.69
2024-11-04 16:12:15.380 , 1057.00 , 235.27 , 1.18 , 227.92 , 927.00 , 230.62 , 2.24 , 254.75
2024-11-04 16:12:15.380 , 1026.00 , 228.48 , 1.19 , 228.04 , 945.00 , 228.35 , 2.21 , 247.44
2024-11-04 16:12:15.380 , 1022.00 , 227.03 , 1.18 , 227.47 , 943.00 , 233.65 , 2.21 , 253.72
2024-11-04 16:12:15.380 , 1060.00 , 235.32 , 1.18 , 227.33 , 930.00 , 230.38 , 2.23 , 253.66
2024-11-04 16:12:15.380 , 1017.00 , 226.29 , 1.17 , 227.85 , 931.00 , 230.61 , 2.23 , 253.65
2024-11-04 16:12:15.380 , 1066.00 , 237.89 , 1.18 , 228.52 , 934.00 , 231.38 , 2.20 , 253.67
2024-11-04 16:12:15.380 , 1021.00 , 227.38 , 1.22 , 228.05 , 956.00 , 230.63 , 2.16 , 247.03
2024-11-04 16:12:15.380 , 971.00 , 216.56 , 1.24 , 228.38 , 898.00 , 222.39 , 2.30 , 253.59
2024-11-04 16:12:15.380 , 1026.00 , 229.36 , 1.23 , 228.91 , 905.00 , 225.19 , 2.27 , 254.80
2024-11-04 16:12:15.380 , 1027.00 , 228.47 , 1.20 , 227.80 , 903.00 , 223.62 , 2.26 , 253.59
2024-11-04 16:12:15.380 , 996.00 , 221.71 , 1.21 , 227.95 , 932.00 , 230.95 , 2.23 , 253.75
2024-11-04 16:12:15.380 , 1044.00 , 232.42 , 1.19 , 227.97 , 930.00 , 229.22 , 2.19 , 252.39
2024-11-04 16:12:15.380 , 1031.00 , 229.38 , 1.21 , 227.82 , 931.00 , 226.24 , 2.22 , 248.84
2024-11-04 16:12:15.380 , 1004.00 , 223.41 , 1.25 , 227.86 , 918.00 , 227.62 , 2.22 , 253.90
2024-11-04 16:12:15.380 , 1043.00 , 232.43 , 1.22 , 228.20 , 917.00 , 227.95 , 2.24 , 254.54
2024-11-04 16:12:15.380 , 1022.00 , 226.64 , 1.22 , 227.08 , 930.00 , 229.38 , 2.21 , 252.56
2024-11-04 16:12:15.380 , 992.00 , 221.42 , 1.24 , 228.56 , 915.00 , 226.25 , 2.26 , 253.20
2024-11-04 16:12:15.380 , 931.00 , 207.59 , 1.23 , 228.32 , 1065.00 , 262.38 , 2.84 , 252.28
2024-11-04 16:12:15.380 , 999.00 , 222.51 , 1.23 , 228.08 , 940.00 , 228.54 , 2.19 , 248.96
2024-11-04 16:12:15.380 , 1012.00 , 225.39 , 1.24 , 228.07 , 918.00 , 227.39 , 2.19 , 253.65
2024-11-04 16:12:15.380 , 1054.00 , 234.74 , 1.21 , 228.06 , 909.00 , 225.01 , 2.24 , 253.47
2024-11-04 16:12:15.380 , 992.00 , 221.43 , 1.22 , 228.57 , 931.00 , 229.45 , 2.23 , 252.37
2024-11-04 16:12:15.380 , 1009.00 , 224.50 , 1.22 , 227.84 , 917.00 , 226.95 , 2.24 , 253.43
2024-11-04 16:12:15.380 , 1001.00 , 222.75 , 1.23 , 227.87 , 927.00 , 224.51 , 2.24 , 248.00
2024-11-04 16:12:15.380 , 1013.86 , 224.06 , 1.22 , 226.30 , 918.81 , 227.07 , 2.21 , 253.06
2024-11-04 16:12:15.380 , 933.00 , 203.67 , 1.22 , 223.53 , 877.00 , 215.29 , 2.21 , 251.38
2024-11-04 16:12:15.380 , 833.00 , 175.50 , 1.55 , 215.75 , 911.00 , 205.09 , 2.67 , 230.53
2024-11-04 16:12:15.380 , 780.00 , 188.78 , 1.29 , 247.84 , 1228.00 , 282.77 , 2.79 , 235.79
2024-11-04 16:12:15.380 , 729.00 , 177.87 , 1.23 , 249.85 , 1249.00 , 282.09 , 3.33 , 231.27
2024-11-04 16:12:15.380 , 628.00 , 153.95 , 1.23 , 251.02 , 1335.00 , 283.02 , 3.52 , 217.09
2024-11-04 16:12:15.380 , 712.00 , 172.07 , 1.23 , 247.47 , 1246.00 , 280.64 , 3.59 , 230.64
2024-11-04 16:12:15.380 , 702.00 , 169.82 , 1.30 , 247.72 , 1150.00 , 285.02 , 3.32 , 253.79
2024-11-04 16:12:15.380 , 622.00 , 152.07 , 1.32 , 250.35 , 1151.00 , 283.48 , 3.81 , 252.21
2024-11-04 16:12:15.380 , 572.00 , 140.05 , 1.31 , 250.71 , 1136.00 , 283.20 , 4.48 , 255.28
2024-11-04 16:12:15.380 , 649.00 , 158.17 , 1.29 , 249.56 , 1170.00 , 283.65 , 3.62 , 248.26
2024-11-04 16:12:15.380 , 791.00 , 191.76 , 1.26 , 248.25 , 1193.00 , 283.08 , 2.98 , 242.98
2024-11-04 16:12:15.380 , 642.00 , 155.93 , 1.25 , 248.71 , 1261.00 , 282.41 , 3.63 , 229.33
2024-11-04 16:12:15.380 , 670.00 , 163.77 , 1.30 , 250.31 , 1259.00 , 282.59 , 3.64 , 229.84
2024-11-04 16:12:15.380 , 763.00 , 185.97 , 1.27 , 249.58 , 1236.00 , 281.58 , 2.99 , 233.28
2024-11-04 16:12:15.380 , 668.00 , 163.97 , 1.28 , 251.36 , 1204.00 , 283.98 , 3.37 , 241.52
2024-11-04 16:12:15.380 , 592.00 , 143.14 , 1.31 , 247.59 , 1163.00 , 283.16 , 4.54 , 249.31
2024-11-04 16:12:15.380 , 636.00 , 154.20 , 1.31 , 248.27 , 1146.00 , 283.29 , 4.09 , 253.13
2024-11-04 16:12:15.380 , 661.00 , 161.99 , 1.29 , 250.95 , 1153.00 , 283.66 , 3.44 , 251.92
2024-11-04 16:12:15.380 , 600.00 , 147.18 , 1.31 , 251.19 , 1137.00 , 283.14 , 4.12 , 255.00
2024-11-04 16:12:15.380 , 565.00 , 138.06 , 1.29 , 250.22 , 1138.00 , 283.70 , 4.50 , 255.28
2024-11-04 16:12:15.380 , 725.00 , 175.73 , 1.31 , 248.21 , 1168.00 , 281.83 , 3.20 , 247.09
2024-11-04 16:12:15.380 , 626.00 , 152.11 , 1.33 , 248.83 , 1151.00 , 284.60 , 3.92 , 253.20
2024-11-04 16:12:15.380 , 622.00 , 151.97 , 1.30 , 250.19 , 1143.00 , 283.80 , 4.14 , 254.25
2024-11-04 16:12:15.380 , 604.00 , 148.19 , 1.34 , 251.24 , 1147.00 , 283.54 , 3.84 , 253.14
2024-11-04 16:12:15.380 , 609.00 , 147.99 , 1.32 , 248.84 , 1139.00 , 282.90 , 4.05 , 254.34
2024-11-04 16:12:15.380 , 563.00 , 138.27 , 1.33 , 251.48 , 1146.00 , 283.56 , 4.45 , 253.38
2024-11-04 16:12:15.380 , 576.00 , 140.05 , 1.29 , 248.98 , 1156.00 , 283.09 , 4.50 , 250.76
2024-11-04 16:12:15.380 , 604.00 , 146.27 , 1.31 , 247.98 , 1160.00 , 283.67 , 4.31 , 250.41
2024-11-04 16:12:15.380 , 857.00 , 209.24 , 1.29 , 250.02 , 934.00 , 229.41 , 2.66 , 251.51
2024-11-04 16:12:15.380 , 876.00 , 214.83 , 1.28 , 251.13 , 893.00 , 222.20 , 2.31 , 254.79
2024-11-04 16:12:15.380 , 827.00 , 201.64 , 1.28 , 249.68 , 1070.00 , 263.45 , 2.81 , 252.12
2024-11-04 16:12:15.380 , 899.00 , 219.45 , 1.28 , 249.97 , 875.00 , 216.66 , 2.33 , 253.55
2024-11-04 16:12:15.380 , 896.00 , 218.55 , 1.29 , 249.78 , 902.00 , 219.17 , 2.28 , 248.82
2024-11-04 16:12:15.380 , 911.00 , 222.83 , 1.25 , 250.47 , 902.00 , 222.30 , 2.25 , 252.37
2024-11-04 16:12:15.380 , 801.00 , 194.79 , 1.28 , 249.02 , 1057.00 , 261.13 , 2.91 , 252.98
2024-11-04 16:12:15.380 , 921.00 , 223.55 , 1.31 , 248.55 , 865.00 , 214.08 , 2.28 , 253.43
2024-11-04 16:12:15.380 , 882.00 , 216.08 , 1.27 , 250.86 , 902.00 , 223.33 , 2.29 , 253.53
2024-11-04 16:12:15.380 , 875.00 , 213.83 , 1.26 , 250.24 , 910.00 , 219.25 , 2.26 , 246.72
2024-11-04 16:12:15.380 , 921.00 , 224.51 , 1.27 , 249.62 , 881.00 , 219.20 , 2.32 , 254.77
2024-11-04 16:12:15.380 , 917.00 , 223.42 , 1.26 , 249.49 , 894.00 , 221.39 , 2.30 , 253.59
2024-11-04 16:12:15.380 , 800.00 , 195.24 , 1.28 , 249.91 , 1062.00 , 261.20 , 2.92 , 251.86
2024-11-04 16:12:15.380 , 905.00 , 220.79 , 1.24 , 249.83 , 896.00 , 222.12 , 2.33 , 253.85
2024-11-04 16:12:15.380 , 923.00 , 225.16 , 1.24 , 249.80 , 907.00 , 223.52 , 2.29 , 252.35
2024-11-04 16:12:15.380 , 903.00 , 220.61 , 1.29 , 250.17 , 924.00 , 224.15 , 2.25 , 248.41
2024-11-04 16:12:15.380 , 950.00 , 231.86 , 1.23 , 249.93 , 926.00 , 229.39 , 2.23 , 253.67
2024-11-04 16:12:15.380 , 941.00 , 230.46 , 1.23 , 250.79 , 917.00 , 228.20 , 2.26 , 254.82
2024-11-04 16:12:15.380 , 906.00 , 221.44 , 1.25 , 250.28 , 909.00 , 225.19 , 2.28 , 253.68
2024-11-04 16:12:15.380 , 913.00 , 223.42 , 1.27 , 250.59 , 912.00 , 224.46 , 2.26 , 252.02
2024-11-04 16:12:15.380 , 925.00 , 226.64 , 1.25 , 250.90 , 920.00 , 224.53 , 2.28 , 249.91
2024-11-04 16:12:15.380 , 936.00 , 228.48 , 1.25 , 249.97 , 922.00 , 228.39 , 2.26 , 253.66
2024-11-04 16:12:15.380 , 820.00 , 199.22 , 1.27 , 248.79 , 1077.00 , 264.62 , 2.82 , 251.60
2024-11-04 16:12:15.380 , 916.00 , 221.88 , 1.29 , 248.04 , 887.00 , 218.50 , 2.28 , 252.24
2024-11-04 16:12:15.380 , 921.00 , 224.51 , 1.28 , 249.62 , 928.00 , 228.45 , 2.25 , 252.09
2024-11-04 16:12:15.380 , 940.00 , 229.38 , 1.26 , 249.87 , 915.00 , 227.01 , 2.25 , 254.05
2024-11-04 16:12:15.380 , 940.00 , 230.47 , 1.26 , 251.07 , 945.00 , 230.53 , 2.20 , 249.80
2024-11-04 16:12:15.380 , 1041.00 , 227.83 , 1.19 , 224.11 , 917.00 , 226.44 , 2.24 , 252.86
2024-11-04 16:12:15.380 , 891.00 , 218.55 , 1.26 , 251.18 , 901.00 , 224.20 , 2.33 , 254.80
2024-11-04 16:12:15.380 , 931.00 , 227.39 , 1.28 , 250.11 , 890.00 , 220.40 , 2.30 , 253.58
2024-11-04 16:12:15.380 , 895.00 , 219.45 , 1.27 , 251.08 , 896.00 , 220.78 , 2.28 , 252.32
2024-11-04 16:12:15.380 , 927.00 , 226.50 , 1.22 , 250.20 , 941.00 , 227.55 , 2.21 , 247.62
2024-11-04 16:12:15.380 , 895.00 , 219.45 , 1.23 , 251.08 , 983.00 , 227.28 , 2.19 , 236.76
2024-11-04 16:12:15.380 , 946.00 , 230.55 , 1.25 , 249.56 , 890.00 , 220.50 , 2.28 , 253.69
2024-11-04 16:12:15.380 , 879.00 , 215.48 , 1.28 , 251.03 , 898.00 , 222.40 , 2.31 , 253.61
2024-11-04 16:12:15.380 , 920.00 , 224.91 , 1.27 , 250.34 , 903.00 , 222.45 , 2.23 , 252.26
2024-11-04 16:12:15.380 , 937.00 , 229.38 , 1.25 , 250.68 , 931.00 , 226.26 , 2.22 , 248.86
2024-11-04 16:12:15.380 , 901.00 , 220.54 , 1.29 , 250.64 , 890.00 , 221.45 , 2.29 , 254.79
2024-11-04 16:12:15.380 , 808.00 , 197.68 , 1.29 , 250.52 , 1069.00 , 263.12 , 2.84 , 252.04
2024-11-04 16:12:15.380 , 905.00 , 221.44 , 1.27 , 250.55 , 887.00 , 219.42 , 2.31 , 253.31
2024-11-04 16:12:15.380 , 920.00 , 224.51 , 1.24 , 249.89 , 926.00 , 229.27 , 2.25 , 253.53
2024-11-04 16:12:15.380 , 923.00 , 225.41 , 1.25 , 250.07 , 903.00 , 223.64 , 2.26 , 253.61
2024-11-04 16:12:15.380 , 922.00 , 225.85 , 1.23 , 250.83 , 927.00 , 224.80 , 2.25 , 248.32
2024-11-04 16:12:15.380 , 904.00 , 221.44 , 1.24 , 250.83 , 906.00 , 224.39 , 2.28 , 253.62
2024-11-04 16:12:15.380 , 893.00 , 218.09 , 1.27 , 250.08 , 887.00 , 219.41 , 2.28 , 253.30
2024-11-04 16:12:15.380 , 932.00 , 228.05 , 1.23 , 250.56 , 914.00 , 226.33 , 2.27 , 253.57
2024-11-04 16:12:15.380 , 905.00 , 221.45 , 1.22 , 250.57 , 901.00 , 223.21 , 2.31 , 253.68
2024-11-04 16:12:15.380 , 950.00 , 231.37 , 1.26 , 249.39 , 930.00 , 224.79 , 2.23 , 247.51
2024-11-04 16:12:15.380 , 926.00 , 226.50 , 1.23 , 250.47 , 929.00 , 230.03 , 2.26 , 253.55
2024-11-04 16:12:15.380 , 910.00 , 223.42 , 1.24 , 251.41 , 922.00 , 228.40 , 2.28 , 253.67
2024-11-04 16:12:15.380 , 961.00 , 234.44 , 1.23 , 249.81 , 918.00 , 226.34 , 2.27 , 252.47
2024-11-04 16:12:15.380 , 917.00 , 225.40 , 1.23 , 251.71 , 927.00 , 230.34 , 2.26 , 254.44
2024-11-04 16:12:15.380 , 932.00 , 228.62 , 1.25 , 251.19 , 942.00 , 233.21 , 2.22 , 253.52
2024-11-04 16:12:15.380 , 954.00 , 232.45 , 1.24 , 249.51 , 951.00 , 231.50 , 2.22 , 249.27
2024-11-04 16:12:15.380 , 943.00 , 229.98 , 1.24 , 249.74 , 926.00 , 229.40 , 2.21 , 253.68
2024-11-04 16:12:15.380 , 935.00 , 229.38 , 1.20 , 251.21 , 951.00 , 234.48 , 2.19 , 252.48
2024-11-04 16:12:15.380 , 908.00 , 222.53 , 1.28 , 250.95 , 902.00 , 223.39 , 2.26 , 253.61
2024-11-04 16:12:15.380 , 965.00 , 235.33 , 1.25 , 249.72 , 893.00 , 222.20 , 2.29 , 254.79
2024-11-04 16:12:15.380 , 934.00 , 228.49 , 1.24 , 250.50 , 934.00 , 226.52 , 2.22 , 248.35
2024-11-04 16:12:15.380 , 862.00 , 211.51 , 1.27 , 251.26 , 905.00 , 224.05 , 2.28 , 253.51
2024-11-04 16:12:15.380 , 894.00 , 217.98 , 1.27 , 249.67 , 883.00 , 217.47 , 2.32 , 252.19
2024-11-04 16:12:15.380 , 923.00 , 225.01 , 1.28 , 249.63 , 877.00 , 218.20 , 2.30 , 254.77
2024-11-04 16:12:15.380 , 885.00 , 215.40 , 1.28 , 249.23 , 895.00 , 220.77 , 2.32 , 252.59
2024-11-04 16:12:15.380 , 802.00 , 196.78 , 1.28 , 251.25 , 1059.00 , 260.91 , 2.81 , 252.29
2024-11-04 16:12:15.380 , 944.00 , 230.47 , 1.22 , 250.00 , 922.00 , 224.06 , 2.20 , 248.85
